"group","category","sourcePath","asset2Path","fileName","extension","bytes","sha256"
"audio","root-notification","hyeni_notification.wav","13-audio/hyeni_notification.wav","hyeni_notification.wav","wav","49998","1622c32283ad7e34bb61e5bfe845ca9bf8bd9a029c7266f05bf4e82ef37294a1"
"audio","src-lib-notification","src/lib/hyeni_notification.mp3","13-audio/src-lib/hyeni_notification.mp3","hyeni_notification.mp3","mp3","9933","e698b3402d5f0bdc6eae543a68c579f9521e97a34f1cd51d32455523851f92e6"
"audio","src-lib-notification","src/lib/hyeni_notification.wav","13-audio/src-lib/hyeni_notification.wav","hyeni_notification.wav","wav","49998","1622c32283ad7e34bb61e5bfe845ca9bf8bd9a029c7266f05bf4e82ef37294a1"
"curated-library","가족스티커","src/stitch/extracted/renamed_images/가족스티커_가족모임.png","04-stickers/family/가족스티커_가족모임.png","가족스티커_가족모임.png","png","245397","6401ef0a8fef0509db5ddaccf9bf04c4b3c1462366c7f33f1d9f2e8f1a9aa289"
"curated-library","가족스티커","src/stitch/extracted/renamed_images/가족스티커_남매.png","04-stickers/family/가족스티커_남매.png","가족스티커_남매.png","png","150409","5bad9271415522465906e86dfa44cfd1d2c065a1894db09c80356ecbe9c2458e"
"curated-library","가족스티커","src/stitch/extracted/renamed_images/가족스티커_악수.png","04-stickers/family/가족스티커_악수.png","가족스티커_악수.png","png","102349","4cc7bbcf2681ec46f510cf3f26f43c6f9d43757e0a70dacc9e879aabeabdf89c"
"curated-library","가족스티커","src/stitch/extracted/renamed_images/가족스티커_하이파이브.png","04-stickers/family/가족스티커_하이파이브.png","가족스티커_하이파이브.png","png","101517","af5b4bbd10c69d4da30f6d459427ad4e3c200dd362efd53ae0308455946ae85c"
"curated-library","긴급아이콘","src/stitch/extracted/renamed_images/긴급아이콘_경고느낌표삼각형.png","05-icons/emergency/긴급아이콘_경고느낌표삼각형.png","긴급아이콘_경고느낌표삼각형.png","png","74173","3578bbbca05870e82349cdac28d12cbc465aa6cac56d725c610172fc4f90bacb"
"curated-library","긴급아이콘","src/stitch/extracted/renamed_images/긴급아이콘_빨간사이렌.png","05-icons/emergency/긴급아이콘_빨간사이렌.png","긴급아이콘_빨간사이렌.png","png","74078","2e35019f27b4111f3283b69002c91e64ee09926c035ae50deac17cfdaa3cc7d5"
"curated-library","긴급아이콘","src/stitch/extracted/renamed_images/긴급아이콘_안전체크방패혜니.png","05-icons/emergency/긴급아이콘_안전체크방패혜니.png","긴급아이콘_안전체크방패혜니.png","png","93123","5027238ebcf3d02f54ee92e41e4d1e317243c60f5c249a7cf0ac3cdde92c2f2e"
"curated-library","긴급아이콘","src/stitch/extracted/renamed_images/긴급아이콘_안전확인웃는혜니.png","05-icons/emergency/긴급아이콘_안전확인웃는혜니.png","긴급아이콘_안전확인웃는혜니.png","png","127955","c0d9aaf06c7fb5d46f695f2d7967bbadb492a2450fad44d23310ddfa295b88ea"
"curated-library","긴급아이콘","src/stitch/extracted/renamed_images/긴급아이콘_엄마아이전화.png","05-icons/emergency/긴급아이콘_엄마아이전화.png","긴급아이콘_엄마아이전화.png","png","106014","a932ba38326b98c5536858fa3ffdc03678e1c518916a273e4f3796771430c34f"
"curated-library","긴급아이콘","src/stitch/extracted/renamed_images/긴급아이콘_전화걸기보라말풍선.png","05-icons/emergency/긴급아이콘_전화걸기보라말풍선.png","긴급아이콘_전화걸기보라말풍선.png","png","87714","7385652bc83774d060c23f3cd3e150ad3948dcbdea8283edb7b86cb1399835ca"
"curated-library","긴급아이콘","src/stitch/extracted/renamed_images/긴급아이콘_전화걸기빨간수화기.png","05-icons/emergency/긴급아이콘_전화걸기빨간수화기.png","긴급아이콘_전화걸기빨간수화기.png","png","86327","d99401c3abe58c29751fad7eeeb995057b86272eda280bf4c3e653617e1c6d6e"
"curated-library","긴급아이콘","src/stitch/extracted/renamed_images/긴급아이콘_SOS방패.png","05-icons/emergency/긴급아이콘_SOS방패.png","긴급아이콘_SOS방패.png","png","127307","f8260b6a7aaab2bf9cd56efaac5cedf6911cc1f19c77da5df5d0f1f22d68295c"
"curated-library","데코스티커","src/stitch/extracted/renamed_images/데코스티커_곰돌이엄지척.png","04-stickers/deco/데코스티커_곰돌이엄지척.png","데코스티커_곰돌이엄지척.png","png","69734","e4637f42d6b8f35f904334defbe82c6c82373fcf469ee975adad150743f394b9"
"curated-library","데코스티커","src/stitch/extracted/renamed_images/데코스티커_그림자있는핑크하트.png","04-stickers/deco/데코스티커_그림자있는핑크하트.png","데코스티커_그림자있는핑크하트.png","png","123127","d63fae7061fe65426db03c626886d76e962d62bee1290465ec7facc2fdf1ae6d"
"curated-library","데코스티커","src/stitch/extracted/renamed_images/데코스티커_네잎클로버.png","04-stickers/deco/데코스티커_네잎클로버.png","데코스티커_네잎클로버.png","png","61331","e0302e55ca50ab6a9dd35ebbbbabf89ccbee546be451815a1d16b8ea35e0e665"
"curated-library","데코스티커","src/stitch/extracted/renamed_images/데코스티커_노란반짝이별.png","04-stickers/deco/데코스티커_노란반짝이별.png","데코스티커_노란반짝이별.png","png","40838","6e3eca38616cb9a0b6f6295ad981fbf2e6feee22e69052bb2896dba555f71159"
"curated-library","데코스티커","src/stitch/extracted/renamed_images/데코스티커_노란별_01.png","04-stickers/deco/데코스티커_노란별_01.png","데코스티커_노란별_01.png","png","8904","863b512466202f0d2d4d39619760b040e1f1b3dd5336a751fad60b6265c09c33"
"curated-library","데코스티커","src/stitch/extracted/renamed_images/데코스티커_노란별_02.png","04-stickers/deco/데코스티커_노란별_02.png","데코스티커_노란별_02.png","png","42869","b9f997ac01dd10a27d6747f3dc541b99a4a7fbb0f5d9cd81ca1094420a60db35"
"curated-library","데코스티커","src/stitch/extracted/renamed_images/데코스티커_노란별얼굴.png","04-stickers/deco/데코스티커_노란별얼굴.png","데코스티커_노란별얼굴.png","png","51481","7543f03e0f9a5e9630a31236fd4800b84e68ced40ba22dc11de85e3dc181ffd9"
"curated-library","데코스티커","src/stitch/extracted/renamed_images/데코스티커_노란별핑크원형배지.png","04-stickers/deco/데코스티커_노란별핑크원형배지.png","데코스티커_노란별핑크원형배지.png","png","64667","0788089a34a391ff6bd061ca0c0a8df224569e3747c4c952738d7cd0aadd3ad1"
"curated-library","데코스티커","src/stitch/extracted/renamed_images/데코스티커_노란왕관뱃지.png","04-stickers/deco/데코스티커_노란왕관뱃지.png","데코스티커_노란왕관뱃지.png","png","46243","40a563d886ef680f723d2cf38d4ccc40d6ce933fdfd6e8850f0eba558802d3e4"
"curated-library","데코스티커","src/stitch/extracted/renamed_images/데코스티커_노란하트왕관_n01.png","04-stickers/deco/데코스티커_노란하트왕관_n01.png","데코스티커_노란하트왕관_n01.png","png","50338","b8db01299393e8f1fba698b0fc18619fa62e9ed1afed4f607dacfc4b3539a420"
"curated-library","데코스티커","src/stitch/extracted/renamed_images/데코스티커_노란하트왕관.png","04-stickers/deco/데코스티커_노란하트왕관.png","데코스티커_노란하트왕관.png","png","56311","3e428e86ae4a4a233db5ca3c3a921c7c9e0636e55dd4d9de42872dfb2acbc94b"
"curated-library","데코스티커","src/stitch/extracted/renamed_images/데코스티커_둥근핑크하트.png","04-stickers/deco/데코스티커_둥근핑크하트.png","데코스티커_둥근핑크하트.png","png","163513","2c9a95b65546461b150b774a89e8b1caee60a8130636efccc357d663786f9d78"
"curated-library","데코스티커","src/stitch/extracted/renamed_images/데코스티커_무지개구름.png","04-stickers/deco/데코스티커_무지개구름.png","데코스티커_무지개구름.png","png","58140","e6dc29a9bc7c7ef6541c4587a2ea98fda8046d673dd757d219d595d953929d2a"
"curated-library","데코스티커","src/stitch/extracted/renamed_images/데코스티커_박수손뼉.png","04-stickers/deco/데코스티커_박수손뼉.png","데코스티커_박수손뼉.png","png","57632","983c2316d5e2d2952d44d60f51b6ccad2c5640dc3e9f7ea2c45127c5ba96dfae"
"curated-library","데코스티커","src/stitch/extracted/renamed_images/데코스티커_베이지알약버튼.png","04-stickers/deco/데코스티커_베이지알약버튼.png","데코스티커_베이지알약버튼.png","png","29767","b5dff716dc52c72ad2f5d335cc0c71bea052e6d656ab411012192079c349d910"
"curated-library","데코스티커","src/stitch/extracted/renamed_images/데코스티커_베이지하트배너.png","04-stickers/deco/데코스티커_베이지하트배너.png","데코스티커_베이지하트배너.png","png","30689","a8a4e25fef3eb3db6e26044a1d666d93eff780f71d15522405595ab468c404cf"
"curated-library","데코스티커","src/stitch/extracted/renamed_images/데코스티커_별메달.png","04-stickers/deco/데코스티커_별메달.png","데코스티커_별메달.png","png","54574","e5d68d7f3e345e5d7c7e12737a53539aff445396359839a74f3c34ee9639b21f"
"curated-library","데코스티커","src/stitch/extracted/renamed_images/데코스티커_별메달리본.png","04-stickers/deco/데코스티커_별메달리본.png","데코스티커_별메달리본.png","png","78883","e9d94e60c487e07d21b89240f827fc578550b3f0d1d32dc085fb118b7df4731e"
"curated-library","데코스티커","src/stitch/extracted/renamed_images/데코스티커_별스티커든윙크혜니.png","04-stickers/deco/데코스티커_별스티커든윙크혜니.png","데코스티커_별스티커든윙크혜니.png","png","133632","9479b009130606d2e70c9ddf9947f42b21e35bd2fb7fcd23939a979517f7818c"
"curated-library","데코스티커","src/stitch/extracted/renamed_images/데코스티커_보라음성말풍선.png","04-stickers/deco/데코스티커_보라음성말풍선.png","데코스티커_보라음성말풍선.png","png","56504","effb9a748f85a789d45b734fe4d548c26a4fefd746a8a8d6ee76dc1e77d3add8"
"curated-library","데코스티커","src/stitch/extracted/renamed_images/데코스티커_블록놀이혜니.png","04-stickers/deco/데코스티커_블록놀이혜니.png","데코스티커_블록놀이혜니.png","png","87158","5fa3ff268384b9498ce50ab8a005fbe2b7346602b01628e7ed9b3ea3b24dd236"
"curated-library","데코스티커","src/stitch/extracted/renamed_images/데코스티커_손바닥하이파이브.png","04-stickers/deco/데코스티커_손바닥하이파이브.png","데코스티커_손바닥하이파이브.png","png","51574","fe6001d43a83bdb53a2f8a1e5c9b8949a2ad490a008a56b27b265160dece3c7d"
"curated-library","데코스티커","src/stitch/extracted/renamed_images/데코스티커_엄지척.png","04-stickers/deco/데코스티커_엄지척.png","데코스티커_엄지척.png","png","52507","915748bf6b30610f0827dcdeace91e86f5b27cc48f40a13ff0a153ebce999b16"
"curated-library","데코스티커","src/stitch/extracted/renamed_images/데코스티커_작은핑크하트.png","04-stickers/deco/데코스티커_작은핑크하트.png","데코스티커_작은핑크하트.png","png","8971","2ff14b388cd9f643d9a5cc40a829aa189c5c80ad2addfca4b5c5c714269c25c6"
"curated-library","데코스티커","src/stitch/extracted/renamed_images/데코스티커_점선테두리핑크하트.png","04-stickers/deco/데코스티커_점선테두리핑크하트.png","데코스티커_점선테두리핑크하트.png","png","600867","b9156a892eddb37484db7badc4753eba2971e095cb5251f4a90bd6d382f8d16a"
"curated-library","데코스티커","src/stitch/extracted/renamed_images/데코스티커_지도위치핀.png","04-stickers/deco/데코스티커_지도위치핀.png","데코스티커_지도위치핀.png","png","56251","970cdba28db13a9b5334deb6242c77778c585a345a47940fc831d85a6315761c"
"curated-library","데코스티커","src/stitch/extracted/renamed_images/데코스티커_초록인증뱃지.png","04-stickers/deco/데코스티커_초록인증뱃지.png","데코스티커_초록인증뱃지.png","png","36643","fb646fcc455b54d44416b592a167bc303b9f998104d03182f1ca9cf281ec5c7a"
"curated-library","데코스티커","src/stitch/extracted/renamed_images/데코스티커_친구와함께혜니.png","04-stickers/deco/데코스티커_친구와함께혜니.png","데코스티커_친구와함께혜니.png","png","88075","609b7fa0c9638afcead06a0165e515bd72abb9d2c4e232a740fecd87bf8cd465"
"curated-library","데코스티커","src/stitch/extracted/renamed_images/데코스티커_큰핑크하트.png","04-stickers/deco/데코스티커_큰핑크하트.png","데코스티커_큰핑크하트.png","png","49974","d9ccb817578555ea283b8079cc4c72845a47baffe3b681018626bba01fa55028"
"curated-library","데코스티커","src/stitch/extracted/renamed_images/데코스티커_토끼윙크엄지척.png","04-stickers/deco/데코스티커_토끼윙크엄지척.png","데코스티커_토끼윙크엄지척.png","png","60084","a89d38b342930cc9ea8fd52d0eed8354de20f455cdb880d6f2f0a1e24d95a730"
"curated-library","데코스티커","src/stitch/extracted/renamed_images/데코스티커_파스텔무지개.png","04-stickers/deco/데코스티커_파스텔무지개.png","데코스티커_파스텔무지개.png","png","76949","ee18af3030c2fcc2e2a9168444fae45532c7e5382f9c0a8a5a3952ef7d54449e"
"curated-library","데코스티커","src/stitch/extracted/renamed_images/데코스티커_파스텔무지개구름.png","04-stickers/deco/데코스티커_파스텔무지개구름.png","데코스티커_파스텔무지개구름.png","png","65075","dcccb5085ea2250a69cb273cd2b134b9bd3b1a9ab2aae8ba2abfd36e357dbbda"
"curated-library","데코스티커","src/stitch/extracted/renamed_images/데코스티커_핑크데이지꽃.png","04-stickers/deco/데코스티커_핑크데이지꽃.png","데코스티커_핑크데이지꽃.png","png","55869","87079ecc6fc8f33dab495325f95f24bbe31552095352cea045a8b69875383a48"
"curated-library","데코스티커","src/stitch/extracted/renamed_images/데코스티커_핑크말풍선점점점.png","04-stickers/deco/데코스티커_핑크말풍선점점점.png","데코스티커_핑크말풍선점점점.png","png","57397","65b7c36168cad369106ef2f82fb40cd29e2d2e34cb7cd60c40e1bc871d5aca23"
"curated-library","데코스티커","src/stitch/extracted/renamed_images/데코스티커_핑크메가폰.png","04-stickers/deco/데코스티커_핑크메가폰.png","데코스티커_핑크메가폰.png","png","27019","94330c2be60662ef9c23a1a76366e53575979fcad1ba6d37de6ebc1c9e6ee022"
"curated-library","데코스티커","src/stitch/extracted/renamed_images/데코스티커_핑크선물상자.png","04-stickers/deco/데코스티커_핑크선물상자.png","데코스티커_핑크선물상자.png","png","59437","61ee0b4e6d22d040182f19c734a142e1ba592ceba95636453b52b9ea71c136b7"
"curated-library","데코스티커","src/stitch/extracted/renamed_images/데코스티커_핑크알약버튼.png","04-stickers/deco/데코스티커_핑크알약버튼.png","데코스티커_핑크알약버튼.png","png","33116","363cd9e86a2d35969e8a0118a9fe71bd4d8b8ceee469d0f38f7cacddaaaa9e8e"
"curated-library","데코스티커","src/stitch/extracted/renamed_images/데코스티커_핑크체크표시.png","04-stickers/deco/데코스티커_핑크체크표시.png","데코스티커_핑크체크표시.png","png","10291","bd69d1527449c95657505b95793ac5b152d81f4005deb4d7fc7f57534afd9e1f"
"curated-library","데코스티커","src/stitch/extracted/renamed_images/데코스티커_핑크파티고깔.png","04-stickers/deco/데코스티커_핑크파티고깔.png","데코스티커_핑크파티고깔.png","png","37331","5299d1190312ebfefb32e6757aec0173dd65eb958df6efe19f25cfebc7b7dad0"
"curated-library","데코스티커","src/stitch/extracted/renamed_images/데코스티커_핑크풍선_01.png","04-stickers/deco/데코스티커_핑크풍선_01.png","데코스티커_핑크풍선_01.png","png","42553","15458f14abc79bba913d16e600a9e8141c13674a5beba92280721343d5937894"
"curated-library","데코스티커","src/stitch/extracted/renamed_images/데코스티커_핑크풍선_02.png","04-stickers/deco/데코스티커_핑크풍선_02.png","데코스티커_핑크풍선_02.png","png","43509","8e66673ddeab4e708d5b7f0e780388e647ff111781a7a945b36a07e6c5e00ec4"
"curated-library","데코스티커","src/stitch/extracted/renamed_images/데코스티커_핑크하트_01.png","04-stickers/deco/데코스티커_핑크하트_01.png","데코스티커_핑크하트_01.png","png","46861","088a3ac9a9cf404f6ed141bf655038255162ca0b1bafd14cd5ca9e8020349d43"
"curated-library","데코스티커","src/stitch/extracted/renamed_images/데코스티커_핑크하트_02.png","04-stickers/deco/데코스티커_핑크하트_02.png","데코스티커_핑크하트_02.png","png","33652","7a6e79da133878c1baa9a9f74914d10af8aba1a2b05ae54d6ba64dcb41efab0e"
"curated-library","데코스티커","src/stitch/extracted/renamed_images/데코스티커_핑크하트라벨.png","04-stickers/deco/데코스티커_핑크하트라벨.png","데코스티커_핑크하트라벨.png","png","42525","3d967ef46d4d557e10d57cb2f272a17a1f913dd046d6903590fa647e61fb9225"
"curated-library","데코스티커","src/stitch/extracted/renamed_images/데코스티커_핑크하트말풍선.png","04-stickers/deco/데코스티커_핑크하트말풍선.png","데코스티커_핑크하트말풍선.png","png","39821","bdd424ba9fb1ab7ad747991c2e147ea2907152e8eb0753a38a470055693fe85a"
"curated-library","데코스티커","src/stitch/extracted/renamed_images/데코스티커_핑크하트배너.png","04-stickers/deco/데코스티커_핑크하트배너.png","데코스티커_핑크하트배너.png","png","34095","a5869dff911ead66e6520e1ea5e79fab5ce29b773f4d05ce1928295cdb33eed1"
"curated-library","데코스티커","src/stitch/extracted/renamed_images/데코스티커_핑크하트선물상자.png","04-stickers/deco/데코스티커_핑크하트선물상자.png","데코스티커_핑크하트선물상자.png","png","59929","3bbf44be3d081692f4fdcb2b3a7b14ee782f393122836653a1944540e9e20fbe"
"curated-library","데코스티커","src/stitch/extracted/renamed_images/데코스티커_하트누르는손.png","04-stickers/deco/데코스티커_하트누르는손.png","데코스티커_하트누르는손.png","png","66351","48e9c2a2ad1a774cf8c4d0b00d5df9ac10ddba39768f2087d34a3af0b9b68414"
"curated-library","데코스티커","src/stitch/extracted/renamed_images/데코스티커_하트말풍선.png","04-stickers/deco/데코스티커_하트말풍선.png","데코스티커_하트말풍선.png","png","54373","69006e182789154963d5fc25cbcacd5d4b71e86f0f48af6f5a6d5202936d6f0a"
"curated-library","데코스티커","src/stitch/extracted/renamed_images/데코스티커_하트스탠드.png","04-stickers/deco/데코스티커_하트스탠드.png","데코스티커_하트스탠드.png","png","58215","46aa5795a494fb04c5935cf3b98fd49e4ac6d4b3d446ea836215202f301dc3a6"
"curated-library","데코스티커","src/stitch/extracted/renamed_images/데코스티커_하트안은소녀.png","04-stickers/deco/데코스티커_하트안은소녀.png","데코스티커_하트안은소녀.png","png","84129","ace23bf0a642892918a6aca023eac180667b5e60706d642940c264ba6eed4ad7"
"curated-library","데코스티커","src/stitch/extracted/renamed_images/데코스티커_하트편지봉투.png","04-stickers/deco/데코스티커_하트편지봉투.png","데코스티커_하트편지봉투.png","png","53584","b4ba4c827243e38c30db3b30a8d33331be21827ddae40a118b90899f0b24060d"
"curated-library","메인캐릭터","src/stitch/extracted/renamed_images/메인캐릭터_다이어리든혜니.png","03-hyeni-character/main/메인캐릭터_다이어리든혜니.png","메인캐릭터_다이어리든혜니.png","png","136521","267f9f20e4c40317f9c59d9a8dd111664959761da599ea50ff291fdee1b571e0"
"curated-library","메인캐릭터","src/stitch/extracted/renamed_images/메인캐릭터_달력든혜니.png","03-hyeni-character/main/메인캐릭터_달력든혜니.png","메인캐릭터_달력든혜니.png","png","139360","5abd6ef7cc71e4f0a64775b882debf67a51bc889e9b1e1a7a509bc930e2beac8"
"curated-library","메인캐릭터","src/stitch/extracted/renamed_images/메인캐릭터_두팔들고환호하는혜니.png","03-hyeni-character/main/메인캐릭터_두팔들고환호하는혜니.png","메인캐릭터_두팔들고환호하는혜니.png","png","168671","05c80d27ee826d08683df97d6cf64278cbe9a57f892b42dc13da3183b9e3a348"
"curated-library","메인캐릭터","src/stitch/extracted/renamed_images/메인캐릭터_딸기아이스크림과핑크다이어리든혜니.png","03-hyeni-character/main/메인캐릭터_딸기아이스크림과핑크다이어리든혜니.png","메인캐릭터_딸기아이스크림과핑크다이어리든혜니.png","png","156143","16cf9293ce0d80fe07e6e6c403a90c027b4956017107dd5e50545a2ebc324f52"
"curated-library","메인캐릭터","src/stitch/extracted/renamed_images/메인캐릭터_미소짓는혜니_정면.png","03-hyeni-character/main/메인캐릭터_미소짓는혜니_정면.png","메인캐릭터_미소짓는혜니_정면.png","png","103586","3cfd64e880f3e0a88001bc32b72b88ca7957f105d86f590aac9e7827d46b4f83"
"curated-library","메인캐릭터","src/stitch/extracted/renamed_images/메인캐릭터_손흔드는베이지후드혜니.png","03-hyeni-character/main/메인캐릭터_손흔드는베이지후드혜니.png","메인캐릭터_손흔드는베이지후드혜니.png","png","147489","64878bbfa36f4bb2b946e31d3e4bd5c67e8efcb41c8ccc77079057b70b17bcb8"
"curated-library","메인캐릭터","src/stitch/extracted/renamed_images/메인캐릭터_손흔드는혜니.png","03-hyeni-character/main/메인캐릭터_손흔드는혜니.png","메인캐릭터_손흔드는혜니.png","png","132371","090f48422b91114bad27b5853a808f886fe3b7cbcc5b8de8406fd1a18dd55745"
"curated-library","메인캐릭터","src/stitch/extracted/renamed_images/메인캐릭터_손흔드는혜니아이스크림과다이어리.png","03-hyeni-character/main/메인캐릭터_손흔드는혜니아이스크림과다이어리.png","메인캐릭터_손흔드는혜니아이스크림과다이어리.png","png","162396","5772eff03c31f1a1cf2ce66ddc613ae07ef48d69d9a6f8e2cd3787b077d53acd"
"curated-library","메인캐릭터","src/stitch/extracted/renamed_images/메인캐릭터_손흔들며다이어리든핑크후드혜니.png","03-hyeni-character/main/메인캐릭터_손흔들며다이어리든핑크후드혜니.png","메인캐릭터_손흔들며다이어리든핑크후드혜니.png","png","1056065","4c60174f9e3ba9696e7a6c8b359d84ee2ae58ffab3e099ced15f28997349f01d"
"curated-library","메인캐릭터","src/stitch/extracted/renamed_images/메인캐릭터_아이스크림과다이어리든핑크후드혜니.png","03-hyeni-character/main/메인캐릭터_아이스크림과다이어리든핑크후드혜니.png","메인캐릭터_아이스크림과다이어리든핑크후드혜니.png","png","945980","f9badf7fd8d762e7babd8172f77a3a32a798a955c4952c95c6ceb148429ab85a"
"curated-library","메인캐릭터","src/stitch/extracted/renamed_images/메인캐릭터_핑크폰보는핑크가디건혜니.png","03-hyeni-character/main/메인캐릭터_핑크폰보는핑크가디건혜니.png","메인캐릭터_핑크폰보는핑크가디건혜니.png","png","1372036","914e0bced1ce291066578b396bd0ec28ce8d5b0ba209e7813d19fbcc5bd357ed"
"curated-library","메인캐릭터","src/stitch/extracted/renamed_images/메인캐릭터_혜니와친구커플.png","03-hyeni-character/main/메인캐릭터_혜니와친구커플.png","메인캐릭터_혜니와친구커플.png","png","104296","94ce81f5f4a674102c791329411f4fcbb466d285e341d630fc8a086f6227be29"
"curated-library","무드스티커","src/stitch/extracted/renamed_images/무드스티커_노란웃는얼굴.png","04-stickers/mood/무드스티커_노란웃는얼굴.png","무드스티커_노란웃는얼굴.png","png","59989","05fdf7971d1398c0d5aa5e12f0a64542477485458e7a7132df69044e9e062b1a"
"curated-library","무드스티커","src/stitch/extracted/renamed_images/무드스티커_노란웃음이모지.png","04-stickers/mood/무드스티커_노란웃음이모지.png","무드스티커_노란웃음이모지.png","png","54409","b606f75e4a8d2c661977f101a8bfcd981a4f0c46227bf48db3fcf023b01505f2"
"curated-library","무드스티커","src/stitch/extracted/renamed_images/무드스티커_담요덮고차마시는혜니.png","04-stickers/mood/무드스티커_담요덮고차마시는혜니.png","무드스티커_담요덮고차마시는혜니.png","png","142811","79c89d32ba493fcf97844af9dd1d39ff099d3d269ebd8ea86d0e31857ed510f6"
"curated-library","무드스티커","src/stitch/extracted/renamed_images/무드스티커_만세하는혜니.png","04-stickers/mood/무드스티커_만세하는혜니.png","무드스티커_만세하는혜니.png","png","154486","d297f8b9df70ee72be96f780f2795f60fefc51256e257d54a25d8a2e60c89f24"
"curated-library","무드스티커","src/stitch/extracted/renamed_images/무드스티커_메모하는남자.png","04-stickers/mood/무드스티커_메모하는남자.png","무드스티커_메모하는남자.png","png","107067","dfdc7434d77829ee895d706fed063ab4b3f0c2ccab22d31f7eb670ef80d6bc32"
"curated-library","무드스티커","src/stitch/extracted/renamed_images/무드스티커_빨간사과.png","04-stickers/mood/무드스티커_빨간사과.png","무드스티커_빨간사과.png","png","56757","a69f3f5680d993b8ee32aef99d3737df3da274358c3aefdd1397447d47a8aca3"
"curated-library","무드스티커","src/stitch/extracted/renamed_images/무드스티커_생각하는혜니.png","04-stickers/mood/무드스티커_생각하는혜니.png","무드스티커_생각하는혜니.png","png","106822","ae25cfa327f379c2569addc73ea2f199068f3b74fe95a633191fe409872e5e96"
"curated-library","무드스티커","src/stitch/extracted/renamed_images/무드스티커_신나는혜니아이스크림.png","04-stickers/mood/무드스티커_신나는혜니아이스크림.png","무드스티커_신나는혜니아이스크림.png","png","130377","a45ba2efe3f8e0c7b370a27fe347ebfb202059ed010f7533ca71a1c98b623221"
"curated-library","무드스티커","src/stitch/extracted/renamed_images/무드스티커_엄지척.png","04-stickers/mood/무드스티커_엄지척.png","무드스티커_엄지척.png","png","59499","682de4773e04fcc9da48ae86fddaa5a8b14a4f4503c59dbd3db3da8f0d5ed7c8"
"curated-library","무드스티커","src/stitch/extracted/renamed_images/무드스티커_잠자는달구름.png","04-stickers/mood/무드스티커_잠자는달구름.png","무드스티커_잠자는달구름.png","png","54236","53d7e2fd016ef10294228fcab5cc51a0b17d8ba6260509a0d429139850f7c6e3"
"curated-library","무드스티커","src/stitch/extracted/renamed_images/무드스티커_전화하는소녀.png","04-stickers/mood/무드스티커_전화하는소녀.png","무드스티커_전화하는소녀.png","png","104640","1743ea24b10624ec99f37711196eeb57561152b9c9e1982bf813f279eed6feea"
"curated-library","무드스티커","src/stitch/extracted/renamed_images/무드스티커_주먹쥐고환호하는혜니.png","04-stickers/mood/무드스티커_주먹쥐고환호하는혜니.png","무드스티커_주먹쥐고환호하는혜니.png","png","118404","9ec58231bb19b086446173428ace368bb09d27385d4d9b9e990fdb9698d73640"
"curated-library","무드스티커","src/stitch/extracted/renamed_images/무드스티커_지친혜니턱괴기.png","04-stickers/mood/무드스티커_지친혜니턱괴기.png","무드스티커_지친혜니턱괴기.png","png","120531","4a7d3292709e6c9a4c6d9645faeba5333c925c18d70c5e6e8ba46b60b07101c9"
"curated-library","무드스티커","src/stitch/extracted/renamed_images/무드스티커_초코칩쿠키.png","04-stickers/mood/무드스티커_초코칩쿠키.png","무드스티커_초코칩쿠키.png","png","62734","2bf147b07940bd801382fc19293b3e33fecf54a32e9c5ce839d6293cfc258700"
"curated-library","무드스티커","src/stitch/extracted/renamed_images/무드스티커_하트들고웃는소녀.png","04-stickers/mood/무드스티커_하트들고웃는소녀.png","무드스티커_하트들고웃는소녀.png","png","92343","ccc5e45f6dda68b013399140c9c166b98ebe0a5e04bb96d40915924e842f2e49"
"curated-library","무드스티커","src/stitch/extracted/renamed_images/무드스티커_하트들고윙크하는혜니_세트.png","04-stickers/mood/무드스티커_하트들고윙크하는혜니_세트.png","무드스티커_하트들고윙크하는혜니_세트.png","png","201114","1617bf2700e5cc8ccdbfd28f48fa7f7e1a3ac9323e65c866d765ac20111a78e6"
"curated-library","무드스티커","src/stitch/extracted/renamed_images/무드스티커_하트말풍선_01.png","04-stickers/mood/무드스티커_하트말풍선_01.png","무드스티커_하트말풍선_01.png","png","45959","35cb05e1f34bdbafa58ee9b6f30c05a19bcdc4b4ec3b7ecc5a254c2ad20302dc"
"curated-library","무드스티커","src/stitch/extracted/renamed_images/무드스티커_하트말풍선_02.png","04-stickers/mood/무드스티커_하트말풍선_02.png","무드스티커_하트말풍선_02.png","png","58033","cdf17a66352366505413f1319d24f5924436ee2c7729183c8a0f2e25d4b47e85"
"curated-library","배경요소","src/stitch/extracted/renamed_images/배경요소_공원벤치나무가로등.png","06-backgrounds/배경요소_공원벤치나무가로등.png","배경요소_공원벤치나무가로등.png","png","101195","f906468e5bc026d6b292962557a4232503cf9f53045fb197f3e563bc23239f56"
"curated-library","배경요소","src/stitch/extracted/renamed_images/배경요소_놀이터미끄럼틀그네.png","06-backgrounds/배경요소_놀이터미끄럼틀그네.png","배경요소_놀이터미끄럼틀그네.png","png","85598","28d73091d2dae6a29644f11e069495f8632aa01347980e8d016fa0716f021373"
"curated-library","배경요소","src/stitch/extracted/renamed_images/배경요소_버스정류장.png","06-backgrounds/배경요소_버스정류장.png","배경요소_버스정류장.png","png","58958","44ed2243c3a27174d9d1611c35131b29dbfcfe367e4c704912e92662a7cab437"
"curated-library","배경요소","src/stitch/extracted/renamed_images/배경요소_보라곡선장식_01.png","06-backgrounds/배경요소_보라곡선장식_01.png","배경요소_보라곡선장식_01.png","png","8817","163ee78ec9d5ea137f346a3742276bd848397155b438e7ca00048377300829bb"
"curated-library","배경요소","src/stitch/extracted/renamed_images/배경요소_보라곡선장식_02.png","06-backgrounds/배경요소_보라곡선장식_02.png","배경요소_보라곡선장식_02.png","png","8713","266b22f616897b1bb741a6a982df69311cde2ca4246be7f5d368ce3bee84eec1"
"curated-library","배경요소","src/stitch/extracted/renamed_images/배경요소_보라곡선화살표_01.png","06-backgrounds/배경요소_보라곡선화살표_01.png","배경요소_보라곡선화살표_01.png","png","39588","790a5154bcea20459fe2b1b76a42662eb32e874dc422d2270d1ed76b3b674f1d"
"curated-library","배경요소","src/stitch/extracted/renamed_images/배경요소_보라곡선화살표_02.png","06-backgrounds/배경요소_보라곡선화살표_02.png","배경요소_보라곡선화살표_02.png","png","39011","54603c78559a121e4f127989759c5bc1402039c71c60f19d783ce5f97e62fadc"
"curated-library","배경요소","src/stitch/extracted/renamed_images/배경요소_보라와이파이신호.png","06-backgrounds/배경요소_보라와이파이신호.png","배경요소_보라와이파이신호.png","png","14357","3fd18a454a44d7129370a2fd3e29b4298a9ea635e75a1633e3d327029649d8ed"
"curated-library","배경요소","src/stitch/extracted/renamed_images/배경요소_분홍원형링.png","06-backgrounds/배경요소_분홍원형링.png","배경요소_분홍원형링.png","png","66854","d25c81f8e732b159e3c9dac4c42397e7b673b405105bae84d7cfd16ebaedd655"
"curated-library","배경요소","src/stitch/extracted/renamed_images/배경요소_연핑크모서리장식.png","06-backgrounds/배경요소_연핑크모서리장식.png","배경요소_연핑크모서리장식.png","png","27060","1b6fb22f6c61462325987ae80fb65da73dac97dd50d4a0476df3b2e2501346fa"
"curated-library","배경요소","src/stitch/extracted/renamed_images/배경요소_연핑크상단장식조각_01.png","06-backgrounds/배경요소_연핑크상단장식조각_01.png","배경요소_연핑크상단장식조각_01.png","png","5219","77f95a60deb4abe9de654df998df3e12af42653034817e9990f553a35e751971"
"curated-library","배경요소","src/stitch/extracted/renamed_images/배경요소_연핑크상단장식조각_02.png","06-backgrounds/배경요소_연핑크상단장식조각_02.png","배경요소_연핑크상단장식조각_02.png","png","7405","6878380592b415112d59df345ab5c3ca4458c8dcfaa75ad3e90c6a4c5befa938"
"curated-library","배경요소","src/stitch/extracted/renamed_images/배경요소_연핑크상단장식조각_03.png","06-backgrounds/배경요소_연핑크상단장식조각_03.png","배경요소_연핑크상단장식조각_03.png","png","5248","b43bdeddfac4443b2a785eb2aef0644e935937507a0ac38b8b05dd7c70776218"
"curated-library","배경요소","src/stitch/extracted/renamed_images/배경요소_연핑크점선말풍선.png","06-backgrounds/배경요소_연핑크점선말풍선.png","배경요소_연핑크점선말풍선.png","png","367661","678ef0a96d587d628c129ee740c78c09f62f3b46ff741cbac931a6a36640a35c"
"curated-library","배경요소","src/stitch/extracted/renamed_images/배경요소_횡단보도.png","06-backgrounds/배경요소_횡단보도.png","배경요소_횡단보도.png","png","52230","fe0cc1c8529e98abff1ff194c45c3797189190820877c036ff1b386d150edf99"
"curated-library","빈상태일러스트","src/stitch/extracted/renamed_images/빈상태일러스트_가족포옹.png","07-illustrations/empty-state/빈상태일러스트_가족포옹.png","빈상태일러스트_가족포옹.png","png","137841","7d1440120c868acb5a5778a29c69e3bf3e1f5b7f042e341d11f371576db5bd1e"
"curated-library","빈상태일러스트","src/stitch/extracted/renamed_images/빈상태일러스트_네식구가족.png","07-illustrations/empty-state/빈상태일러스트_네식구가족.png","빈상태일러스트_네식구가족.png","png","147750","f66012477a2cca6bade6346e7cdd4b77bcbca7fd04580c82ff4a83b3162a4be8"
"curated-library","빈상태일러스트","src/stitch/extracted/renamed_images/빈상태일러스트_엄마와딸등하교.png","07-illustrations/empty-state/빈상태일러스트_엄마와딸등하교.png","빈상태일러스트_엄마와딸등하교.png","png","129420","d29101fe1f3f6c350943e612cfe67f3ec3b8e8b32790c0341c3aa3b70547bf35"
"curated-library","빈상태일러스트","src/stitch/extracted/renamed_images/빈상태일러스트_연인커플.png","07-illustrations/empty-state/빈상태일러스트_연인커플.png","빈상태일러스트_연인커플.png","png","121800","376ee4e3cf4ed8a6b87e6ce0c0ff448495a43de1325e7bef5f9c847f339eb2e4"
"curated-library","빈상태일러스트","src/stitch/extracted/renamed_images/빈상태일러스트_일정많아당황한혜니.png","07-illustrations/empty-state/빈상태일러스트_일정많아당황한혜니.png","빈상태일러스트_일정많아당황한혜니.png","png","184737","3328b9ecf6c9f6d2b1d0ae62a62e0906175bde5a584962d7ecadeac52289293f"
"curated-library","빈상태일러스트","src/stitch/extracted/renamed_images/빈상태일러스트_일정없어슬픈혜니.png","07-illustrations/empty-state/빈상태일러스트_일정없어슬픈혜니.png","빈상태일러스트_일정없어슬픈혜니.png","png","144816","68405bc56b0b3c5037e790dde640140c656b394538b81dde7d6874cc7566301c"
"curated-library","빈상태일러스트","src/stitch/extracted/renamed_images/빈상태일러스트_일정취소된슬픈혜니.png","07-illustrations/empty-state/빈상태일러스트_일정취소된슬픈혜니.png","빈상태일러스트_일정취소된슬픈혜니.png","png","113087","16a1f4889fc0fac7723fce2c881b62191af116165067d362ca5175f0a456d49c"
"curated-library","스플래시화면","src/stitch/extracted/renamed_images/스플래시화면_아이스크림과다이어리든환호혜니.png","07-illustrations/splash/스플래시화면_아이스크림과다이어리든환호혜니.png","스플래시화면_아이스크림과다이어리든환호혜니.png","png","162182","265695d39771dda68f6b9a18a4406de7e7c26cd4d4a011b605a7b76472b568b3"
"curated-library","시스템아이콘","src/stitch/extracted/renamed_images/시스템아이콘_마이크녹음허용.png","05-icons/system/시스템아이콘_마이크녹음허용.png","시스템아이콘_마이크녹음허용.png","png","69775","2fd03f6e80c2112335b0a47ed6a5030aadeef6c68d74e2c347565e62424bfc9b"
"curated-library","시스템아이콘","src/stitch/extracted/renamed_images/시스템아이콘_배터리꽉찬초록.png","05-icons/system/시스템아이콘_배터리꽉찬초록.png","시스템아이콘_배터리꽉찬초록.png","png","62293","213935eda60b633ffeb990170c166c6ea08d70a7a7afba709d1ec776adc473de"
"curated-library","시스템아이콘","src/stitch/extracted/renamed_images/시스템아이콘_배터리부족빨강.png","05-icons/system/시스템아이콘_배터리부족빨강.png","시스템아이콘_배터리부족빨강.png","png","60901","cfcd993d7e5a5dab452e280b954b8a1115d218d6bcef7740c14e6927f3546930"
"curated-library","시스템아이콘","src/stitch/extracted/renamed_images/시스템아이콘_배터리절반노랑.png","05-icons/system/시스템아이콘_배터리절반노랑.png","시스템아이콘_배터리절반노랑.png","png","61402","5974e4e8e3d60c02562b396c3bcfe0007cc12839f96e1648f587feb1adb14aae"
"curated-library","시스템아이콘","src/stitch/extracted/renamed_images/시스템아이콘_배터리충전번개.png","05-icons/system/시스템아이콘_배터리충전번개.png","시스템아이콘_배터리충전번개.png","png","63581","cee423ff7dec33b0e2eecb40e16a719ba23c66dd8d417e69973db6a400c66093"
"curated-library","시스템아이콘","src/stitch/extracted/renamed_images/시스템아이콘_분홍알람시계.png","05-icons/system/시스템아이콘_분홍알람시계.png","시스템아이콘_분홍알람시계.png","png","78001","d8f4762f36a9d13df9a1d91e4828ad9a7e9026693b81773ec324a6b9015b979d"
"curated-library","시스템아이콘","src/stitch/extracted/renamed_images/시스템아이콘_분홍알림종.png","05-icons/system/시스템아이콘_분홍알림종.png","시스템아이콘_분홍알림종.png","png","57241","50f13b3619930cebd925873b1ef883e51a458c4b187ab2fde41a0686a6e25e17"
"curated-library","시스템아이콘","src/stitch/extracted/renamed_images/시스템아이콘_스마트폰허용.png","05-icons/system/시스템아이콘_스마트폰허용.png","시스템아이콘_스마트폰허용.png","png","69003","21b2eb6be567db195f369bb97cb2178835b31f7b1e7c7cb736f9642a610943f2"
"curated-library","시스템아이콘","src/stitch/extracted/renamed_images/시스템아이콘_스피커소리.png","05-icons/system/시스템아이콘_스피커소리.png","시스템아이콘_스피커소리.png","png","64061","85b538a648811bb785ada9a19de28fd353e6b0b120e563d9eea56ad761ee4f79"
"curated-library","시스템아이콘","src/stitch/extracted/renamed_images/시스템아이콘_시계타이머.png","05-icons/system/시스템아이콘_시계타이머.png","시스템아이콘_시계타이머.png","png","71403","3f92a71e5ff71133887ef983b653195798ad80016688d378eab5e06780c4dfd1"
"curated-library","시스템아이콘","src/stitch/extracted/renamed_images/시스템아이콘_신호세기초록.png","05-icons/system/시스템아이콘_신호세기초록.png","시스템아이콘_신호세기초록.png","png","49025","4820ab89d0840e87865d240b301bc554aa983b6bd74ea798c34ae7d8ac896c7f"
"curated-library","시스템아이콘","src/stitch/extracted/renamed_images/시스템아이콘_신호세기파스텔.png","05-icons/system/시스템아이콘_신호세기파스텔.png","시스템아이콘_신호세기파스텔.png","png","41373","cc92ad180752deed4182852e6af59074bbec2e8418db51ed7525cd5bfa8c2107"
"curated-library","시스템아이콘","src/stitch/extracted/renamed_images/시스템아이콘_와이파이보라.png","05-icons/system/시스템아이콘_와이파이보라.png","시스템아이콘_와이파이보라.png","png","57911","1ed24ec4af7c9d584ec37648d288ac7b9ab17ce6e2dc32884e4b5e585105e77a"
"curated-library","시스템아이콘","src/stitch/extracted/renamed_images/시스템아이콘_위치핀비활성.png","05-icons/system/시스템아이콘_위치핀비활성.png","시스템아이콘_위치핀비활성.png","png","66487","cb48792be5064ad02560e72158d7e08e26028c9500e27bec3a596ba9b98bad34"
"curated-library","시스템아이콘","src/stitch/extracted/renamed_images/시스템아이콘_위치핀활성.png","05-icons/system/시스템아이콘_위치핀활성.png","시스템아이콘_위치핀활성.png","png","62825","feeb8731769fab042a7358a27a510a31c633fa34e39f15daad70c5c1bf25244b"
"curated-library","시스템아이콘","src/stitch/extracted/renamed_images/시스템아이콘_카메라허용.png","05-icons/system/시스템아이콘_카메라허용.png","시스템아이콘_카메라허용.png","png","82842","2627c088e61eb16e870750b65b6fa61687433283fb9b1d7a4655e1721d209477"
"curated-library","알림아이콘","src/stitch/extracted/renamed_images/알림아이콘_걱정하는혜니.png","05-icons/notification/알림아이콘_걱정하는혜니.png","알림아이콘_걱정하는혜니.png","png","91181","280a311fa803cff1f327ed5d1d2c9c1d24f876efeac6a1b7838a6916425f61b7"
"curated-library","알림아이콘","src/stitch/extracted/renamed_images/알림아이콘_경고느낌표_01.png","05-icons/notification/알림아이콘_경고느낌표_01.png","알림아이콘_경고느낌표_01.png","png","69348","e5a3fb16bdb339bf8e3617746902c1fdf04a3e6529f39f8b97206faf827a3c99"
"curated-library","알림아이콘","src/stitch/extracted/renamed_images/알림아이콘_경고느낌표_02.png","05-icons/notification/알림아이콘_경고느낌표_02.png","알림아이콘_경고느낌표_02.png","png","28844","5d45fca91414a38378dfac7a61bfe80dd5541fbdd7a13d6de5116a229cc67c9e"
"curated-library","알림아이콘","src/stitch/extracted/renamed_images/알림아이콘_마이크음소거.png","05-icons/notification/알림아이콘_마이크음소거.png","알림아이콘_마이크음소거.png","png","78922","329e86a0c70ea5ddecdbaefa722561738c96fb282391fbd39c454290f20eaf20"
"curated-library","알림아이콘","src/stitch/extracted/renamed_images/알림아이콘_메시지말풍선.png","05-icons/notification/알림아이콘_메시지말풍선.png","알림아이콘_메시지말풍선.png","png","37909","c0e96c8d8bca6a77190ef03ccbf15c0a7724773473469c7c41e59619bc254faf"
"curated-library","알림아이콘","src/stitch/extracted/renamed_images/알림아이콘_물음표말풍선.png","05-icons/notification/알림아이콘_물음표말풍선.png","알림아이콘_물음표말풍선.png","png","58045","cb492fc9b13916ceea766b18bc0509a5d138c518b1f55faee16f40c3f51877b2"
"curated-library","알림아이콘","src/stitch/extracted/renamed_images/알림아이콘_배터리경고.png","05-icons/notification/알림아이콘_배터리경고.png","알림아이콘_배터리경고.png","png","45123","7e321b55a5c7fa62ad2d64fa8c112cddf6de15a87249bf137fc3cf8e3845c13e"
"curated-library","알림아이콘","src/stitch/extracted/renamed_images/알림아이콘_배터리부족경고.png","05-icons/notification/알림아이콘_배터리부족경고.png","알림아이콘_배터리부족경고.png","png","67041","1af155b3d53138ad8b6c94db9293d913ac0239eb544e7ebe6a4e40fc53122bd4"
"curated-library","알림아이콘","src/stitch/extracted/renamed_images/알림아이콘_배터리부족슬픈얼굴.png","05-icons/notification/알림아이콘_배터리부족슬픈얼굴.png","알림아이콘_배터리부족슬픈얼굴.png","png","54500","e84fd607570ee23b33ea5462a73297cf3f6cffa5e99ad2837a477aafc6f8abb9"
"curated-library","알림아이콘","src/stitch/extracted/renamed_images/알림아이콘_배터리충전웃는얼굴.png","05-icons/notification/알림아이콘_배터리충전웃는얼굴.png","알림아이콘_배터리충전웃는얼굴.png","png","55918","a7cffed918a08fdf0afe840cd41a20e56b1fe2d1e0de5ff8b6c8343572ffec8d"
"curated-library","알림아이콘","src/stitch/extracted/renamed_images/알림아이콘_분홍벨알람.png","05-icons/notification/알림아이콘_분홍벨알람.png","알림아이콘_분홍벨알람.png","png","67138","d1aa43204bd5f9cf590f120c71e0c0a5cdfb37305b0cf364b6a4a0f033041c3e"
"curated-library","알림아이콘","src/stitch/extracted/renamed_images/알림아이콘_분홍알람시계.png","05-icons/notification/알림아이콘_분홍알람시계.png","알림아이콘_분홍알람시계.png","png","82303","54d77702f6cee0b497f559be90f7551054cc2e74e1fbcdd63fe515341403aa63"
"curated-library","알림아이콘","src/stitch/extracted/renamed_images/알림아이콘_소리듣는혜니아이스크림.png","05-icons/notification/알림아이콘_소리듣는혜니아이스크림.png","알림아이콘_소리듣는혜니아이스크림.png","png","130086","3249994f9d6092bb08299e932a4896a4b60d90aeb14ace8fd1ba8eb38f88e80c"
"curated-library","알림아이콘","src/stitch/extracted/renamed_images/알림아이콘_손가락올리고알리는혜니.png","05-icons/notification/알림아이콘_손가락올리고알리는혜니.png","알림아이콘_손가락올리고알리는혜니.png","png","135635","e9cd7d0c144abe930b7e0f19f6ace57e048a3fba3222ffb7c8b0bcab6663232b"
"curated-library","알림아이콘","src/stitch/extracted/renamed_images/알림아이콘_시계시간말풍선.png","05-icons/notification/알림아이콘_시계시간말풍선.png","알림아이콘_시계시간말풍선.png","png","64357","50d5b4ed0fb9dc168b44926f260c935618024ae6361190b9f852e7b64c3f9ba9"
"curated-library","알림아이콘","src/stitch/extracted/renamed_images/알림아이콘_신호없음금지.png","05-icons/notification/알림아이콘_신호없음금지.png","알림아이콘_신호없음금지.png","png","61477","34b4e002f17cfea9e5e921ca75c9b8bc55cce067719adc1fdd783ff2a58c6602"
"curated-library","알림아이콘","src/stitch/extracted/renamed_images/알림아이콘_알람시계놀란혜니.png","05-icons/notification/알림아이콘_알람시계놀란혜니.png","알림아이콘_알람시계놀란혜니.png","png","91370","d500bacc946b0af980ca31281f657ee57ae93ed83eafe502227fd8ff75fc35c7"
"curated-library","알림아이콘","src/stitch/extracted/renamed_images/알림아이콘_와이파이연결끊김.png","05-icons/notification/알림아이콘_와이파이연결끊김.png","알림아이콘_와이파이연결끊김.png","png","50281","d2e1fc1061d7ebfe9190a3923700b288cad1e538e0181f7ca7b698afe3ba5e53"
"curated-library","알림아이콘","src/stitch/extracted/renamed_images/알림아이콘_와이파이오류경고.png","05-icons/notification/알림아이콘_와이파이오류경고.png","알림아이콘_와이파이오류경고.png","png","66069","bb4b3fe43ff9270e7cb9b6965c577027809746327b424a9766abc5ac5660b828"
"curated-library","알림아이콘","src/stitch/extracted/renamed_images/알림아이콘_위치경고표시.png","05-icons/notification/알림아이콘_위치경고표시.png","알림아이콘_위치경고표시.png","png","74668","c52d81dc2177e75ea043b3a82f2ada4e5510fc464b82357fc89096bd75ea5969"
"curated-library","알림아이콘","src/stitch/extracted/renamed_images/알림아이콘_전화걸기수화기혜니.png","05-icons/notification/알림아이콘_전화걸기수화기혜니.png","알림아이콘_전화걸기수화기혜니.png","png","63785","8849a9f3d31a194632e54623a3ed830199baa21220f9234b1813c6bccd10b775"
"curated-library","알림아이콘","src/stitch/extracted/renamed_images/알림아이콘_체크완료말풍선.png","05-icons/notification/알림아이콘_체크완료말풍선.png","알림아이콘_체크완료말풍선.png","png","57347","ba77080033083dee40b44ccb9d5b67971307bfb10fc2e81935b8c54869e2f352"
"curated-library","알림아이콘","src/stitch/extracted/renamed_images/알림아이콘_초록체크완료.png","05-icons/notification/알림아이콘_초록체크완료.png","알림아이콘_초록체크완료.png","png","31146","506dec64c764618496592a1bbe063dcba6ee28e84daee1a3e6e369cb3856a6ad"
"curated-library","알림아이콘","src/stitch/extracted/renamed_images/알림아이콘_폰알림확인하는혜니.png","05-icons/notification/알림아이콘_폰알림확인하는혜니.png","알림아이콘_폰알림확인하는혜니.png","png","139361","05c591b31bb89c5b709a015db6a93ebf05a8607118e0bce669f045bb17abba17"
"curated-library","알림아이콘","src/stitch/extracted/renamed_images/알림아이콘_핑크울리는종.png","05-icons/notification/알림아이콘_핑크울리는종.png","알림아이콘_핑크울리는종.png","png","88032","6129d99d6ac2c7c2acbbf7ddfc03c345aa380c5201f4aa5a257e482c95c76eb9"
"curated-library","알림아이콘","src/stitch/extracted/renamed_images/알림아이콘_핑크종_01.png","05-icons/notification/알림아이콘_핑크종_01.png","알림아이콘_핑크종_01.png","png","396259","cae3de85e8c5f1e94e82761198713a3ef64de7a51e32f56e6caf4e2ca8bd65fa"
"curated-library","알림아이콘","src/stitch/extracted/renamed_images/알림아이콘_핑크종_02.png","05-icons/notification/알림아이콘_핑크종_02.png","알림아이콘_핑크종_02.png","png","55117","c68da5d5c3217f3d4ae23606f745503c0bd75d28e8ca05f998f05312a8289946"
"curated-library","알림아이콘","src/stitch/extracted/renamed_images/알림아이콘_핑크종하트말풍선혜니.png","05-icons/notification/알림아이콘_핑크종하트말풍선혜니.png","알림아이콘_핑크종하트말풍선혜니.png","png","70476","d2948e8b116d61bf50901da47d5b835b8611ef8049b8034ab73a4f21b54ecb20"
"curated-library","위젯캐릭터","src/stitch/extracted/renamed_images/위젯캐릭터_시계와함께턱괸혜니.png","03-hyeni-character/widget/위젯캐릭터_시계와함께턱괸혜니.png","위젯캐릭터_시계와함께턱괸혜니.png","png","125379","bafed2f029b812b6e9c20aa2cc5dd5b764dee8ebe854cef43bf288f968766d4b"
"curated-library","위젯캐릭터","src/stitch/extracted/renamed_images/위젯캐릭터_폰보는혜니.png","03-hyeni-character/widget/위젯캐릭터_폰보는혜니.png","위젯캐릭터_폰보는혜니.png","png","115663","4dc45629d066d71b3f09602b4b3c5c6c14a7c67a38a1eea290247ce5ab062315"
"curated-library","위젯캐릭터","src/stitch/extracted/renamed_images/위젯캐릭터_핑크폰보는혜니.png","03-hyeni-character/widget/위젯캐릭터_핑크폰보는혜니.png","위젯캐릭터_핑크폰보는혜니.png","png","128264","8d25b6db417201f4ded869c7108627247de6faa3e15e32c86571b2c842ae7a9c"
"curated-library","위치아이콘","src/stitch/extracted/renamed_images/위치아이콘_경고주의핀.png","05-icons/location/위치아이콘_경고주의핀.png","위치아이콘_경고주의핀.png","png","69658","14e9591cae9c9245f92e2995dd7fb376e91405c9e3a6ca36a9b426245db0acb2"
"curated-library","위치아이콘","src/stitch/extracted/renamed_images/위치아이콘_경로지도.png","05-icons/location/위치아이콘_경로지도.png","위치아이콘_경로지도.png","png","58139","47e7cbd87029f8e2956bbed62eaaf26189a4e73751e39c03439cc00eb1efe62e"
"curated-library","위치아이콘","src/stitch/extracted/renamed_images/위치아이콘_기본위치핀.png","05-icons/location/위치아이콘_기본위치핀.png","위치아이콘_기본위치핀.png","png","64503","c3fe0be4cd94d3c15e130bcde716e6838c09c40fa5f990db666145fc135ae666"
"curated-library","위치아이콘","src/stitch/extracted/renamed_images/위치아이콘_긴급위치핀.png","05-icons/location/위치아이콘_긴급위치핀.png","위치아이콘_긴급위치핀.png","png","84497","96f59755d49ec347bbfbe28a7b5b3c58d1d0fd2ad86f9634dcb0ce955281cb28"
"curated-library","위치아이콘","src/stitch/extracted/renamed_images/위치아이콘_보라학교등교혜니.png","05-icons/location/위치아이콘_보라학교등교혜니.png","위치아이콘_보라학교등교혜니.png","png","98636","e78230dd3721ef02fa576b003d19e846a35a4f22a128ce9ba73f3eea80ac894d"
"curated-library","위치아이콘","src/stitch/extracted/renamed_images/위치아이콘_안전방패핀.png","05-icons/location/위치아이콘_안전방패핀.png","위치아이콘_안전방패핀.png","png","74109","0e8a1feabb9061904e5ee52ed2a41a7a770933d428b18170f8c7bdcd4e2d86a8"
"curated-library","위치아이콘","src/stitch/extracted/renamed_images/위치아이콘_위치새로고침.png","05-icons/location/위치아이콘_위치새로고침.png","위치아이콘_위치새로고침.png","png","66621","61c017337efd7b1b4912e21431bd6b2490019b7da80a9203aa40dbc73a573f6a"
"curated-library","위치아이콘","src/stitch/extracted/renamed_images/위치아이콘_즐겨찾기별핀.png","05-icons/location/위치아이콘_즐겨찾기별핀.png","위치아이콘_즐겨찾기별핀.png","png","57335","405d778e0d7690aada46698e9544a5970101d1c3602c8167aaf254d769554243"
"curated-library","위치아이콘","src/stitch/extracted/renamed_images/위치아이콘_지도길찾기화살표.png","05-icons/location/위치아이콘_지도길찾기화살표.png","위치아이콘_지도길찾기화살표.png","png","73286","3b3e55fe9d6981bd52cfd704a4bbe9dc61fcf9fa88bb55767da296ab9c5cce47"
"curated-library","위치아이콘","src/stitch/extracted/renamed_images/위치아이콘_집앞혜니하트말풍선.png","05-icons/location/위치아이콘_집앞혜니하트말풍선.png","위치아이콘_집앞혜니하트말풍선.png","png","90928","56ede1b71a380423d947ad4b0b1708ccc92b7f1f11bca43bf8252ebb488e500d"
"curated-library","위치아이콘","src/stitch/extracted/renamed_images/위치아이콘_타겟위치핀.png","05-icons/location/위치아이콘_타겟위치핀.png","위치아이콘_타겟위치핀.png","png","70537","97269b9e4f206ae17e468deabc743c47ccd989a178790ab963dd5a881f8cb8a3"
"curated-library","위치아이콘","src/stitch/extracted/renamed_images/위치아이콘_핑크학교등교혜니.png","05-icons/location/위치아이콘_핑크학교등교혜니.png","위치아이콘_핑크학교등교혜니.png","png","93105","7b9d3bc03de646d94f390662a0d265fa53b0aa0617cacf5fc5e064b680c03f93"
"curated-library","이동스티커","src/stitch/extracted/renamed_images/이동스티커_초록버스위치핀혜니.png","04-stickers/movement/이동스티커_초록버스위치핀혜니.png","이동스티커_초록버스위치핀혜니.png","png","85048","c9c3456ef428e470647d8c5f41e730f94115b566435403810934dd6016293d03"
"curated-library","이동스티커","src/stitch/extracted/renamed_images/이동스티커_핑크버스탄혜니.png","04-stickers/movement/이동스티커_핑크버스탄혜니.png","이동스티커_핑크버스탄혜니.png","png","88185","eca467fcd175379caef5365f411f515e6a76662270ef9734780b3a560ce38537"
"curated-library","일정스티커","src/stitch/extracted/renamed_images/일정스티커_갈색곰돌이.png","04-stickers/schedule/일정스티커_갈색곰돌이.png","일정스티커_갈색곰돌이.png","png","78882","092a83f10c03053ca24ae133f015fa30d2b1a72dc74103f72c4241b2d34ce355"
"curated-library","일정스티커","src/stitch/extracted/renamed_images/일정스티커_강아지.png","04-stickers/schedule/일정스티커_강아지.png","일정스티커_강아지.png","png","84406","180b6cc10772386bc50c9c0c1a62008732a0701400d86c0c3d306489c151f51a"
"curated-library","일정스티커","src/stitch/extracted/renamed_images/일정스티커_곰인형안고잠자는혜니.png","04-stickers/schedule/일정스티커_곰인형안고잠자는혜니.png","일정스티커_곰인형안고잠자는혜니.png","png","123778","eae75f54b761f27ddb461d09c5258f57f817c2f932af339803d96fd64983d69e"
"curated-library","일정스티커","src/stitch/extracted/renamed_images/일정스티커_공부하는혜니.png","04-stickers/schedule/일정스티커_공부하는혜니.png","일정스티커_공부하는혜니.png","png","156693","2b8e5568a22891c21ffc0159ca5227b2c3584108a27ed839cca168b6c05036b6"
"curated-library","일정스티커","src/stitch/extracted/renamed_images/일정스티커_노란고양이.png","04-stickers/schedule/일정스티커_노란고양이.png","일정스티커_노란고양이.png","png","89366","cba265542d2e19881d1d7ea15d44aaeed62c38b0262fad16ea21bfc457cf4a67"
"curated-library","일정스티커","src/stitch/extracted/renamed_images/일정스티커_노란병아리.png","04-stickers/schedule/일정스티커_노란병아리.png","일정스티커_노란병아리.png","png","65388","5bdf5fd30f23c7531b529949039ee8c36a1e540822130d0e32029909a9e99aa1"
"curated-library","일정스티커","src/stitch/extracted/renamed_images/일정스티커_메모하고잠자고책읽는혜니_세트.png","04-stickers/schedule/일정스티커_메모하고잠자고책읽는혜니_세트.png","일정스티커_메모하고잠자고책읽는혜니_세트.png","png","300511","ccc6d54a8b9c8b134a6f83c6c78ff0ed09d7ce7b4e96fbfca39ee3eb9473ca76"
"curated-library","일정스티커","src/stitch/extracted/renamed_images/일정스티커_무지개유니콘.png","04-stickers/schedule/일정스티커_무지개유니콘.png","일정스티커_무지개유니콘.png","png","81720","2c9601da87deb90e9f61a2b805c03bbea9574d5ff66fde29be1c19aa2fc67a4a"
"curated-library","일정스티커","src/stitch/extracted/renamed_images/일정스티커_시계가리키는놀란혜니.png","04-stickers/schedule/일정스티커_시계가리키는놀란혜니.png","일정스티커_시계가리키는놀란혜니.png","png","127936","4a6951a016aa4922f597c24d337e60d19ba0cde59772404d2b00e4cd814159c5"
"curated-library","일정스티커","src/stitch/extracted/renamed_images/일정스티커_위치핀들고놀라는혜니_세트.png","04-stickers/schedule/일정스티커_위치핀들고놀라는혜니_세트.png","일정스티커_위치핀들고놀라는혜니_세트.png","png","200949","30decf83d27c8cb0480d1640d7ab93532c197e8ded24f41c23c668e00358a672"
"curated-library","일정스티커","src/stitch/extracted/renamed_images/일정스티커_주황여우.png","04-stickers/schedule/일정스티커_주황여우.png","일정스티커_주황여우.png","png","93975","ae9d13601116882aefd4ff38b09b3b71a8e6dbf75c2dfe8465ea60c726dd4146"
"curated-library","일정스티커","src/stitch/extracted/renamed_images/일정스티커_체크완료들고웃는혜니.png","04-stickers/schedule/일정스티커_체크완료들고웃는혜니.png","일정스티커_체크완료들고웃는혜니.png","png","112250","3358c75d80039e31c27851128ab4693b49c50fa3af8639e2e571ad5954a5a049"
"curated-library","일정스티커","src/stitch/extracted/renamed_images/일정스티커_테니스치는혜니.png","04-stickers/schedule/일정스티커_테니스치는혜니.png","일정스티커_테니스치는혜니.png","png","153020","9effcd0b4d7aa5bb67a67e7d52ea8288bd046ed5559c13cc8bf1e5d20f1888b1"
"curated-library","일정스티커","src/stitch/extracted/renamed_images/일정스티커_판다.png","04-stickers/schedule/일정스티커_판다.png","일정스티커_판다.png","png","71619","677a379b2671388501311f71556813571f99e310e3c4adc345b36afa8efb2790"
"curated-library","일정스티커","src/stitch/extracted/renamed_images/일정스티커_핑크선물상자.png","04-stickers/schedule/일정스티커_핑크선물상자.png","일정스티커_핑크선물상자.png","png","63416","5ae01bbae5eaf77089da22472eac485d38cdb26df16faed9430a30a3dac85c97"
"curated-library","일정스티커","src/stitch/extracted/renamed_images/일정스티커_호랑이.png","04-stickers/schedule/일정스티커_호랑이.png","일정스티커_호랑이.png","png","82849","5c73bf0b5f7d86aff7936510f17cdf59758bb64b16d71eb32bcfb85051d8405c"
"curated-library","일정스티커","src/stitch/extracted/renamed_images/일정스티커_흰토끼.png","04-stickers/schedule/일정스티커_흰토끼.png","일정스티커_흰토끼.png","png","75454","fe6629a5fa94855d54eec86c1853f35d216a430149f3939df75d6b036257926d"
"curated-library","장소아이콘","src/stitch/extracted/renamed_images/장소아이콘_공원.png","05-icons/place/장소아이콘_공원.png","장소아이콘_공원.png","png","91293","67e3b2515844d938afadbdc7dee7ec7a1a8f081429e26dc16c6bc2a664d724b4"
"curated-library","장소아이콘","src/stitch/extracted/renamed_images/장소아이콘_놀이터.png","05-icons/place/장소아이콘_놀이터.png","장소아이콘_놀이터.png","png","99727","0c5eb656a5dc8df6e164475ec8e9d00a2d21a8b66dc8d690ae304a9c4d76475b"
"curated-library","장소아이콘","src/stitch/extracted/renamed_images/장소아이콘_놀이터위치핀.png","05-icons/place/장소아이콘_놀이터위치핀.png","장소아이콘_놀이터위치핀.png","png","79759","dbdb660f7e2347b227ff2ccd89985a6bed9235ec94984ca1730ecb657a940eae"
"curated-library","장소아이콘","src/stitch/extracted/renamed_images/장소아이콘_대학교위치핀.png","05-icons/place/장소아이콘_대학교위치핀.png","장소아이콘_대학교위치핀.png","png","73756","1b84dabba3e5d5c466540874969e4a1d0c0f4fbaba23a0d8e8b60003f06c8002"
"curated-library","장소아이콘","src/stitch/extracted/renamed_images/장소아이콘_도서관.png","05-icons/place/장소아이콘_도서관.png","장소아이콘_도서관.png","png","81346","9152dc793604a6626313a295c93c088cc2fb231bc23f58b54fa88e53b348aa02"
"curated-library","장소아이콘","src/stitch/extracted/renamed_images/장소아이콘_버스정류장.png","05-icons/place/장소아이콘_버스정류장.png","장소아이콘_버스정류장.png","png","73607","a77fc319e9cc3ee26a17610217fb1e66048acf347d72fa90e912712310b3120e"
"curated-library","장소아이콘","src/stitch/extracted/renamed_images/장소아이콘_병원.png","05-icons/place/장소아이콘_병원.png","장소아이콘_병원.png","png","84453","dd6ac254cc9ee86f3c3c26d0b8e5a195fd65e89238d4bcde27fb2b5fca1f70af"
"curated-library","장소아이콘","src/stitch/extracted/renamed_images/장소아이콘_아파트.png","05-icons/place/장소아이콘_아파트.png","장소아이콘_아파트.png","png","85052","9ca54cf3981915b100e1ebd98c2edd90f08279d6a2338699359122e474aaf4ae"
"curated-library","장소아이콘","src/stitch/extracted/renamed_images/장소아이콘_약국.png","05-icons/place/장소아이콘_약국.png","장소아이콘_약국.png","png","75259","63c36baf14f95493d13f6a274836423c3a632b5fa70dab56e2a1bcb1ac1d5a72"
"curated-library","장소아이콘","src/stitch/extracted/renamed_images/장소아이콘_우리집.png","05-icons/place/장소아이콘_우리집.png","장소아이콘_우리집.png","png","98094","8acb1ed512e03e7003202955e2afd59b439805218612b574f580fbcc7bb32c94"
"curated-library","장소아이콘","src/stitch/extracted/renamed_images/장소아이콘_지하철역.png","05-icons/place/장소아이콘_지하철역.png","장소아이콘_지하철역.png","png","77205","79795efd3b411add08c86d713fe5d3a2f4c8062fd87caf5ed5f81b7128a3ab89"
"curated-library","장소아이콘","src/stitch/extracted/renamed_images/장소아이콘_집위치핀.png","05-icons/place/장소아이콘_집위치핀.png","장소아이콘_집위치핀.png","png","68601","aaadc7cdd8e98125fcec00391ee6edc52d0f3cb78258ec124b3baa02be30e909"
"curated-library","장소아이콘","src/stitch/extracted/renamed_images/장소아이콘_체육관.png","05-icons/place/장소아이콘_체육관.png","장소아이콘_체육관.png","png","100222","f90efcc388844ff64d4b7f58af78c9669d1beafc1304d2ee16d0a54faa7bb252"
"curated-library","장소아이콘","src/stitch/extracted/renamed_images/장소아이콘_카페.png","05-icons/place/장소아이콘_카페.png","장소아이콘_카페.png","png","91353","5640a42e1e9b5b8889cd362a4d4087231a5124fc21243c88bafc541114d4ecf3"
"curated-library","장소아이콘","src/stitch/extracted/renamed_images/장소아이콘_커플집위치핀.png","05-icons/place/장소아이콘_커플집위치핀.png","장소아이콘_커플집위치핀.png","png","82660","aefa38aedccf61bcb882821e04b58c8b306eba7dba31800aabae7b310deec0dc"
"curated-library","장소아이콘","src/stitch/extracted/renamed_images/장소아이콘_파란지붕집.png","05-icons/place/장소아이콘_파란지붕집.png","장소아이콘_파란지붕집.png","png","81286","5a419b64f19ef49519f3d15dc206ad4ea557f8eb205448ff8e229dd0dbb5e04d"
"curated-library","장소아이콘","src/stitch/extracted/renamed_images/장소아이콘_편의점.png","05-icons/place/장소아이콘_편의점.png","장소아이콘_편의점.png","png","73550","6dfe663927f8870662d2de33c7d76a536d37ca3b8112cda0e8983bca2557f1de"
"curated-library","장소아이콘","src/stitch/extracted/renamed_images/장소아이콘_학교건물_01.png","05-icons/place/장소아이콘_학교건물_01.png","장소아이콘_학교건물_01.png","png","99330","dffbc744aed7ce8cf530b4139ea5a3bfe2d3ec455f7ea2d8a17afc65dac78455"
"curated-library","장소아이콘","src/stitch/extracted/renamed_images/장소아이콘_학교건물_02.png","05-icons/place/장소아이콘_학교건물_02.png","장소아이콘_학교건물_02.png","png","102685","3a4700a245148eeb15b4ba50538f013289e5208e4f3e3493998975603677a30b"
"curated-library","장소아이콘","src/stitch/extracted/renamed_images/장소아이콘_학교위치핀.png","05-icons/place/장소아이콘_학교위치핀.png","장소아이콘_학교위치핀.png","png","70545","1ad8bd3768ae4e54447e0538b8cc9f97ecb16e1e1cbe7663929e53da9c8c6fc1"
"curated-library","장소아이콘","src/stitch/extracted/renamed_images/장소아이콘_횡단보도.png","05-icons/place/장소아이콘_횡단보도.png","장소아이콘_횡단보도.png","png","78261","cb22123eb1ca3dfb99870337e8499896d68e977a61d9add7bfa3521862d2ac36"
"curated-library","카테고리아이콘","src/stitch/extracted/renamed_images/카테고리아이콘_가족.png","05-icons/category/카테고리아이콘_가족.png","카테고리아이콘_가족.png","png","88652","2185cbfd9373dc985e3835ea9d625f6fe794368b3e8b66cf08d119a709f184a7"
"curated-library","카테고리아이콘","src/stitch/extracted/renamed_images/카테고리아이콘_가족보호방패.png","05-icons/category/카테고리아이콘_가족보호방패.png","카테고리아이콘_가족보호방패.png","png","78189","ba06b6e192283cb7064aebef11ab9d9c2097f28e413bbc913ab370af1a1b5ff2"
"curated-library","카테고리아이콘","src/stitch/extracted/renamed_images/카테고리아이콘_가족일정.png","05-icons/category/카테고리아이콘_가족일정.png","카테고리아이콘_가족일정.png","png","97325","32a3b7162e334b278b0901a9ff7da57aa05861070fba33f3b75d4ec12bd25698"
"curated-library","카테고리아이콘","src/stitch/extracted/renamed_images/카테고리아이콘_가족캘린더.png","05-icons/category/카테고리아이콘_가족캘린더.png","카테고리아이콘_가족캘린더.png","png","74133","fbd870fcc83188be2ded79bd3cb5ab02c528369cc0b65244320bb0823c577c1f"
"curated-library","카테고리아이콘","src/stitch/extracted/renamed_images/카테고리아이콘_가족캘린더공유혜니.png","05-icons/category/카테고리아이콘_가족캘린더공유혜니.png","카테고리아이콘_가족캘린더공유혜니.png","png","85635","c1e1dcb39effa15dcda752cbb4d613ac958e7702b677c7a4d34cdf6638a1c0a4"
"curated-library","카테고리아이콘","src/stitch/extracted/renamed_images/카테고리아이콘_검색돋보기.png","05-icons/category/카테고리아이콘_검색돋보기.png","카테고리아이콘_검색돋보기.png","png","58706","578f7de5ba656657077c6d56fac9cea58d6ebe55869483e0709f08e10544f296"
"curated-library","카테고리아이콘","src/stitch/extracted/renamed_images/카테고리아이콘_경로지도핀.png","05-icons/category/카테고리아이콘_경로지도핀.png","카테고리아이콘_경로지도핀.png","png","57871","45e531dfdbcf8c315c14bbd08bcce427ce9bbe884525b49d62fc22e26b42893e"
"curated-library","카테고리아이콘","src/stitch/extracted/renamed_images/카테고리아이콘_공부책더미.png","05-icons/category/카테고리아이콘_공부책더미.png","카테고리아이콘_공부책더미.png","png","69475","cb95bf203e08d3afa963097e695f13d92da8fa511d523b6646798ab7ecf9c5d0"
"curated-library","카테고리아이콘","src/stitch/extracted/renamed_images/카테고리아이콘_공부하는곰.png","05-icons/category/카테고리아이콘_공부하는곰.png","카테고리아이콘_공부하는곰.png","png","84669","11ff821a2c87225921b8204728076f14f5370bb202283e649d3acf7f89d544c8"
"curated-library","카테고리아이콘","src/stitch/extracted/renamed_images/카테고리아이콘_과학실험하는곰.png","05-icons/category/카테고리아이콘_과학실험하는곰.png","카테고리아이콘_과학실험하는곰.png","png","79012","3b08af878838ca1eb69282bc88bd6ed8ade61a0c7cf45360190480f1b498c571"
"curated-library","카테고리아이콘","src/stitch/extracted/renamed_images/카테고리아이콘_관공서건물.png","05-icons/category/카테고리아이콘_관공서건물.png","카테고리아이콘_관공서건물.png","png","90517","2df403056b67ddb5e93cdd4552d3e913f4aa2e66dc39bd0d5e164f38e234e422"
"curated-library","카테고리아이콘","src/stitch/extracted/renamed_images/카테고리아이콘_국어공부.png","05-icons/category/카테고리아이콘_국어공부.png","카테고리아이콘_국어공부.png","png","67568","d60783fabedc32902d567bf08863bbb98c2a8c145cba2cf997f5f1e360bc9f47"
"curated-library","카테고리아이콘","src/stitch/extracted/renamed_images/카테고리아이콘_나침반.png","05-icons/category/카테고리아이콘_나침반.png","카테고리아이콘_나침반.png","png","69948","72ac8d22a2223e4da67fe63d552f8c53237362493f84e87e8a6e464f251166d6"
"curated-library","카테고리아이콘","src/stitch/extracted/renamed_images/카테고리아이콘_도서관건물.png","05-icons/category/카테고리아이콘_도서관건물.png","카테고리아이콘_도서관건물.png","png","86462","4b379032dc51d3059f26572f916b0fcf6fd94f123e5d8791417840c47b649a0e"
"curated-library","카테고리아이콘","src/stitch/extracted/renamed_images/카테고리아이콘_둥근빈핑크캘린더.png","05-icons/category/카테고리아이콘_둥근빈핑크캘린더.png","카테고리아이콘_둥근빈핑크캘린더.png","png","890687","1a2a9df43021715fa79c1447dd9d4d815d10d0e6320b2cdb717418783e8023b6"
"curated-library","카테고리아이콘","src/stitch/extracted/renamed_images/카테고리아이콘_뒤로가기화살표.png","05-icons/category/카테고리아이콘_뒤로가기화살표.png","카테고리아이콘_뒤로가기화살표.png","png","24675","9d9ea0b0f870c07cb4cb2302aac7c0190f295d749531612c24a14a89215a9f8d"
"curated-library","카테고리아이콘","src/stitch/extracted/renamed_images/카테고리아이콘_마이크녹음.png","05-icons/category/카테고리아이콘_마이크녹음.png","카테고리아이콘_마이크녹음.png","png","47522","81376219752d2edc2f1caa4a9368ecaef9284672cb4e6522d3859dae52d4e622"
"curated-library","카테고리아이콘","src/stitch/extracted/renamed_images/카테고리아이콘_메뉴말풍선.png","05-icons/category/카테고리아이콘_메뉴말풍선.png","카테고리아이콘_메뉴말풍선.png","png","55356","18ddb97505c2aac87ca1b067db2a0907b6d0b99c6cce2a9a3e54c51b43c95471"
"curated-library","카테고리아이콘","src/stitch/extracted/renamed_images/카테고리아이콘_모래시계로딩.png","05-icons/category/카테고리아이콘_모래시계로딩.png","카테고리아이콘_모래시계로딩.png","png","46886","2470548e2352911accdf147911c98205d6946eb6ec870b426f43ff2d0c192cbc"
"curated-library","카테고리아이콘","src/stitch/extracted/renamed_images/카테고리아이콘_미술팔레트.png","05-icons/category/카테고리아이콘_미술팔레트.png","카테고리아이콘_미술팔레트.png","png","60388","10bb4a42f42a193c0db3cc3397f7f854e273303a76f177cad9643dc1d106ba57"
"curated-library","카테고리아이콘","src/stitch/extracted/renamed_images/카테고리아이콘_미술하는곰.png","05-icons/category/카테고리아이콘_미술하는곰.png","카테고리아이콘_미술하는곰.png","png","98352","6cfa9cf7cecf1f287d62f8aef48a79ba6c349892eb8fac984db5da1d9eedf12e"
"curated-library","카테고리아이콘","src/stitch/extracted/renamed_images/카테고리아이콘_발레하는곰.png","05-icons/category/카테고리아이콘_발레하는곰.png","카테고리아이콘_발레하는곰.png","png","66942","4521304a694486b436b71809862711df69d3f1614d81acc6a88232ed68273676"
"curated-library","카테고리아이콘","src/stitch/extracted/renamed_images/카테고리아이콘_배터리완충.png","05-icons/category/카테고리아이콘_배터리완충.png","카테고리아이콘_배터리완충.png","png","41939","8c52cf6f32c3944a2ba960d1891d4575a1fb440d51e21ddb2627e6d908a1294e"
"curated-library","카테고리아이콘","src/stitch/extracted/renamed_images/카테고리아이콘_배터리충전중.png","05-icons/category/카테고리아이콘_배터리충전중.png","카테고리아이콘_배터리충전중.png","png","46603","a6e24dd56548ad42c6bd1184816574aa88d007fcc47962171a3f6b3fd18fceae"
"curated-library","카테고리아이콘","src/stitch/extracted/renamed_images/카테고리아이콘_베이지말풍선점세개.png","05-icons/category/카테고리아이콘_베이지말풍선점세개.png","카테고리아이콘_베이지말풍선점세개.png","png","51595","acb951fa2498117f7c37b973a0e2ea6c2243e889f2eb3904fca4b141809e5779"
"curated-library","카테고리아이콘","src/stitch/extracted/renamed_images/카테고리아이콘_베이지캘린더.png","05-icons/category/카테고리아이콘_베이지캘린더.png","카테고리아이콘_베이지캘린더.png","png","40500","15abd8bc354a5cb7d0f1eee8333f691eebf16d5f4b1d4d82a18f396e430bd036"
"curated-library","카테고리아이콘","src/stitch/extracted/renamed_images/카테고리아이콘_베이지토글꺼짐.png","05-icons/category/카테고리아이콘_베이지토글꺼짐.png","카테고리아이콘_베이지토글꺼짐.png","png","24251","86e8f1db5f376c3392d2eec8de48711f3af25340f85b18828359ceeffa2fcdb0"
"curated-library","카테고리아이콘","src/stitch/extracted/renamed_images/카테고리아이콘_베이지페이지인디케이터.png","05-icons/category/카테고리아이콘_베이지페이지인디케이터.png","카테고리아이콘_베이지페이지인디케이터.png","png","31263","473ce8808a0ae26fa9c9fd2b4d9443d25f21bc9f7ad4db6eadd9de186ec7ee39"
"curated-library","카테고리아이콘","src/stitch/extracted/renamed_images/카테고리아이콘_별즐겨찾기혜니.png","05-icons/category/카테고리아이콘_별즐겨찾기혜니.png","카테고리아이콘_별즐겨찾기혜니.png","png","83138","0253900c97d69d070ec2d67e0600844ba92e2e7f7a0e674bd9418fc496c3f1e1"
"curated-library","카테고리아이콘","src/stitch/extracted/renamed_images/카테고리아이콘_병원건물.png","05-icons/category/카테고리아이콘_병원건물.png","카테고리아이콘_병원건물.png","png","53849","f4e52e742cc6196eae86631083e3409c1e74f749c2c08f25d4e655424d67fab6"
"curated-library","카테고리아이콘","src/stitch/extracted/renamed_images/카테고리아이콘_보라마이크말풍선.png","05-icons/category/카테고리아이콘_보라마이크말풍선.png","카테고리아이콘_보라마이크말풍선.png","png","62037","738292ca4244bb51b111ab384cd16c78a08edb710a2d0d2c2230f045555a5d06"
"curated-library","카테고리아이콘","src/stitch/extracted/renamed_images/카테고리아이콘_보라말풍선점세개.png","05-icons/category/카테고리아이콘_보라말풍선점세개.png","카테고리아이콘_보라말풍선점세개.png","png","56822","3f845f31f0ca7bfc72ea038b14ebe2fc3d40df2f48f38229ac40c0dbea0bfcae"
"curated-library","카테고리아이콘","src/stitch/extracted/renamed_images/카테고리아이콘_보라새로고침.png","05-icons/category/카테고리아이콘_보라새로고침.png","카테고리아이콘_보라새로고침.png","png","59878","62cb3db24012ef3c9d2ccc02eef393e3636c676bad3693795afaea9dc33fd993"
"curated-library","카테고리아이콘","src/stitch/extracted/renamed_images/카테고리아이콘_보라색위치핀.png","05-icons/category/카테고리아이콘_보라색위치핀.png","카테고리아이콘_보라색위치핀.png","png","46749","bca1adcaf0b9704ec536133a37ca5cd7aa18d9346e0f431577bf4d07b66effba"
"curated-library","카테고리아이콘","src/stitch/extracted/renamed_images/카테고리아이콘_보라스피커음량.png","05-icons/category/카테고리아이콘_보라스피커음량.png","카테고리아이콘_보라스피커음량.png","png","18150","07f21c33e7ea27343c7b32f92b8666a04be6a2ac67f74a79dacb76ba31140580"
"curated-library","카테고리아이콘","src/stitch/extracted/renamed_images/카테고리아이콘_보라위치핀.png","05-icons/category/카테고리아이콘_보라위치핀.png","카테고리아이콘_보라위치핀.png","png","49662","b5f459244c8bd2c64d31953a385be01acbcb907301debc2e4a339ce2be7603f4"
"curated-library","카테고리아이콘","src/stitch/extracted/renamed_images/카테고리아이콘_보라위치핀단독.png","05-icons/category/카테고리아이콘_보라위치핀단독.png","카테고리아이콘_보라위치핀단독.png","png","418250","01b6bb35b9c8b7beb72c7d622721e5f714b98c87a395c4fed24d54020fc7b5a2"
"curated-library","카테고리아이콘","src/stitch/extracted/renamed_images/카테고리아이콘_보라음표.png","05-icons/category/카테고리아이콘_보라음표.png","카테고리아이콘_보라음표.png","png","12088","5a4174ce104f22feaad530647be2cd98aa860899a1e5bcc4f6bec9a31b57ce43"
"curated-library","카테고리아이콘","src/stitch/extracted/renamed_images/카테고리아이콘_보라하트방패_01.png","05-icons/category/카테고리아이콘_보라하트방패_01.png","카테고리아이콘_보라하트방패_01.png","png","51539","187131ab969ae05595a8326e15484345bc217b6d546f7e1339f8629483365975"
"curated-library","카테고리아이콘","src/stitch/extracted/renamed_images/카테고리아이콘_보라하트방패_02.png","05-icons/category/카테고리아이콘_보라하트방패_02.png","카테고리아이콘_보라하트방패_02.png","png","67395","53a9f81f6e040d4398de128c8afa8f8f8be349265260a4dbad3981df7bc8bc70"
"curated-library","카테고리아이콘","src/stitch/extracted/renamed_images/카테고리아이콘_보라하트방패단독.png","05-icons/category/카테고리아이콘_보라하트방패단독.png","카테고리아이콘_보라하트방패단독.png","png","677631","cd524920c039be3bb6d2b354991117dce35ec952f919e7114d9518c347244cf5"
"curated-library","카테고리아이콘","src/stitch/extracted/renamed_images/카테고리아이콘_보안방패든혜니.png","05-icons/category/카테고리아이콘_보안방패든혜니.png","카테고리아이콘_보안방패든혜니.png","png","134683","c0ca6e68a86d644d87cd8b8de394393105f96322066e88ddc1622224d7b19d4d"
"curated-library","카테고리아이콘","src/stitch/extracted/renamed_images/카테고리아이콘_분홍위치핀.png","05-icons/category/카테고리아이콘_분홍위치핀.png","카테고리아이콘_분홍위치핀.png","png","22775","5013c29aeee2430caa9349bea147662827623393456ae490128f91f3536caca5"
"curated-library","카테고리아이콘","src/stitch/extracted/renamed_images/카테고리아이콘_분홍하트방패.png","05-icons/category/카테고리아이콘_분홍하트방패.png","카테고리아이콘_분홍하트방패.png","png","70519","a2125d751c46d76c46a1e7ed76348643df634885323b322d894cf7f6f1001bab"
"curated-library","카테고리아이콘","src/stitch/extracted/renamed_images/카테고리아이콘_분홍학교건물_01.png","05-icons/category/카테고리아이콘_분홍학교건물_01.png","카테고리아이콘_분홍학교건물_01.png","png","59460","4ce438d40aaa120d689f9351bdf843a8887ddb5e81af58fe2d27d66e848348bc"
"curated-library","카테고리아이콘","src/stitch/extracted/renamed_images/카테고리아이콘_분홍학교건물_02.png","05-icons/category/카테고리아이콘_분홍학교건물_02.png","카테고리아이콘_분홍학교건물_02.png","png","64088","76709b8f9aa57759cad7c52376175bdacb9849027e81dcbbce94808d4819aa50"
"curated-library","카테고리아이콘","src/stitch/extracted/renamed_images/카테고리아이콘_빈핑크캘린더.png","05-icons/category/카테고리아이콘_빈핑크캘린더.png","카테고리아이콘_빈핑크캘린더.png","png","587426","ed3fc738ffc3cb6efa76f7a2305158b15298904f3a5371ee267158b23828700c"
"curated-library","카테고리아이콘","src/stitch/extracted/renamed_images/카테고리아이콘_생일선물상자.png","05-icons/category/카테고리아이콘_생일선물상자.png","카테고리아이콘_생일선물상자.png","png","55451","577d61c2655d55844284484f00b3b71aae0473809416931a82325619416d727c"
"curated-library","카테고리아이콘","src/stitch/extracted/renamed_images/카테고리아이콘_설정톱니바퀴.png","05-icons/category/카테고리아이콘_설정톱니바퀴.png","카테고리아이콘_설정톱니바퀴.png","png","68624","8085adf1fae0e7aca3d733015cc3a8955cce2079dfaf9081dc2b42e8fdd213a6"
"curated-library","카테고리아이콘","src/stitch/extracted/renamed_images/카테고리아이콘_수영하는곰.png","05-icons/category/카테고리아이콘_수영하는곰.png","카테고리아이콘_수영하는곰.png","png","82972","4f9918c6d5e4ef803b95961c90d703c9ea93cc02d09ebaa263c3aeb6b605a7b7"
"curated-library","카테고리아이콘","src/stitch/extracted/renamed_images/카테고리아이콘_수학공부하는곰.png","05-icons/category/카테고리아이콘_수학공부하는곰.png","카테고리아이콘_수학공부하는곰.png","png","92686","c58547ce66c9b58f9d391d2b1457b1648967e45dde1d66ffa5062042d99d8a14"
"curated-library","카테고리아이콘","src/stitch/extracted/renamed_images/카테고리아이콘_시계.png","05-icons/category/카테고리아이콘_시계.png","카테고리아이콘_시계.png","png","73766","b7559d02c1a899143638c43580bed08ad3abec19ee9705774d3a44128c535e92"
"curated-library","카테고리아이콘","src/stitch/extracted/renamed_images/카테고리아이콘_시계달린일정.png","05-icons/category/카테고리아이콘_시계달린일정.png","카테고리아이콘_시계달린일정.png","png","78950","eb9e131ef776a4e6ff9daf023a2d5be5a08b4369a77bce75aa9cbb03539529e8"
"curated-library","카테고리아이콘","src/stitch/extracted/renamed_images/카테고리아이콘_식사샐러드볼.png","05-icons/category/카테고리아이콘_식사샐러드볼.png","카테고리아이콘_식사샐러드볼.png","png","67725","3efe9ccd998c978c29420bed912650e3f79eb2db40fcb6158ff9f228cf09f136"
"curated-library","카테고리아이콘","src/stitch/extracted/renamed_images/카테고리아이콘_여행캐리어여권.png","05-icons/category/카테고리아이콘_여행캐리어여권.png","카테고리아이콘_여행캐리어여권.png","png","51566","533229056d50df8d54b49b7cfff91704abe3201771e02ba078281f1ed1b38314"
"curated-library","카테고리아이콘","src/stitch/extracted/renamed_images/카테고리아이콘_연필.png","05-icons/category/카테고리아이콘_연필.png","카테고리아이콘_연필.png","png","56228","c4a589c54fbab3f5aa21554a57c477ecdb55fdbc3b48919cae726cef60d53444"
"curated-library","카테고리아이콘","src/stitch/extracted/renamed_images/카테고리아이콘_연필꽂이.png","05-icons/category/카테고리아이콘_연필꽂이.png","카테고리아이콘_연필꽂이.png","png","44594","87bd750a0bd23d60d5112bbc6bf7aae3622c397050a1092a435171d325920fad"
"curated-library","카테고리아이콘","src/stitch/extracted/renamed_images/카테고리아이콘_영어공부하는곰.png","05-icons/category/카테고리아이콘_영어공부하는곰.png","카테고리아이콘_영어공부하는곰.png","png","83576","4c28a7853eec5d4c173fd19196dbb9fbfdd741d185f9a33002132a91ae6693cb"
"curated-library","카테고리아이콘","src/stitch/extracted/renamed_images/카테고리아이콘_운동덤벨.png","05-icons/category/카테고리아이콘_운동덤벨.png","카테고리아이콘_운동덤벨.png","png","48601","ecfd807d1de5b8961ca1cb8426da271c023b72153416f637ef4ed28551658962"
"curated-library","카테고리아이콘","src/stitch/extracted/renamed_images/카테고리아이콘_울타리위치핀.png","05-icons/category/카테고리아이콘_울타리위치핀.png","카테고리아이콘_울타리위치핀.png","png","73556","1c43e17e6d63f62bd119eed4838fa9aa96f3333520393db2628842ad6e282881"
"curated-library","카테고리아이콘","src/stitch/extracted/renamed_images/카테고리아이콘_월간달력.png","05-icons/category/카테고리아이콘_월간달력.png","카테고리아이콘_월간달력.png","png","74467","0401c29ebbb46e2e129fc6319d2a0b67ed4ae449a4125c6005b8df640c91afa4"
"curated-library","카테고리아이콘","src/stitch/extracted/renamed_images/카테고리아이콘_위치알려주는혜니.png","05-icons/category/카테고리아이콘_위치알려주는혜니.png","카테고리아이콘_위치알려주는혜니.png","png","164445","8d649e04e28526cff550e0264dbf0843f6d5e40db4aa259c7a946bcae373f447"
"curated-library","카테고리아이콘","src/stitch/extracted/renamed_images/카테고리아이콘_위치하트핀.png","05-icons/category/카테고리아이콘_위치하트핀.png","카테고리아이콘_위치하트핀.png","png","63776","05ce67d1247d7f73a410d2ac4166d3453d119fa782334bf5b744f24356c96e51"
"curated-library","카테고리아이콘","src/stitch/extracted/renamed_images/카테고리아이콘_음악수업.png","05-icons/category/카테고리아이콘_음악수업.png","카테고리아이콘_음악수업.png","png","65259","14b2dfd19a75731d2b0c8e60cdf455019ab39cc0a39f016402d6834997658465"
"curated-library","카테고리아이콘","src/stitch/extracted/renamed_images/카테고리아이콘_음악헤드폰.png","05-icons/category/카테고리아이콘_음악헤드폰.png","카테고리아이콘_음악헤드폰.png","png","57479","10e1b049257e5bc23f23be856d2e485281924fe9b07850a4224d04d139427c75"
"curated-library","카테고리아이콘","src/stitch/extracted/renamed_images/카테고리아이콘_전화통화.png","05-icons/category/카테고리아이콘_전화통화.png","카테고리아이콘_전화통화.png","png","66788","acdae7d8ed7b96c28ac64a336017037d6e5ed3e8a2664649030cee6c6ffd2405"
"curated-library","카테고리아이콘","src/stitch/extracted/renamed_images/카테고리아이콘_종이비행기.png","05-icons/category/카테고리아이콘_종이비행기.png","카테고리아이콘_종이비행기.png","png","50089","d464ef3d21435a6a8ad29227a38d4fb5d32258d0a3e57df6e3df9ef293e45f52"
"curated-library","카테고리아이콘","src/stitch/extracted/renamed_images/카테고리아이콘_줄넘기하는곰.png","05-icons/category/카테고리아이콘_줄넘기하는곰.png","카테고리아이콘_줄넘기하는곰.png","png","96014","f42ecc1ed930ce9767a05fbef64387c66c6528dd1cb858e33a80b40c3ef30e9c"
"curated-library","카테고리아이콘","src/stitch/extracted/renamed_images/카테고리아이콘_지도위치핀.png","05-icons/category/카테고리아이콘_지도위치핀.png","카테고리아이콘_지도위치핀.png","png","77810","057819674a23dfd9171110729f0fd47eb1cad7710d0d6fadb82c431dc4ab6311"
"curated-library","카테고리아이콘","src/stitch/extracted/renamed_images/카테고리아이콘_집홈.png","05-icons/category/카테고리아이콘_집홈.png","카테고리아이콘_집홈.png","png","63780","c7bbc9b3371da71bb6a78dc158597f0beb11c393e4d439e98764258577f48b0b"
"curated-library","카테고리아이콘","src/stitch/extracted/renamed_images/카테고리아이콘_체육관건물.png","05-icons/category/카테고리아이콘_체육관건물.png","카테고리아이콘_체육관건물.png","png","79507","ce105b052fbdab163598f7190454527419d08e3946888598b3aacf8e86230748"
"curated-library","카테고리아이콘","src/stitch/extracted/renamed_images/카테고리아이콘_체크리스트클립보드.png","05-icons/category/카테고리아이콘_체크리스트클립보드.png","카테고리아이콘_체크리스트클립보드.png","png","65330","1be31f1f7b81548a4fbdcb2a5fdbf0333b78adfff06e96aa9878492c1047696d"
"curated-library","카테고리아이콘","src/stitch/extracted/renamed_images/카테고리아이콘_체크표시와아이콘박스.png","05-icons/category/카테고리아이콘_체크표시와아이콘박스.png","카테고리아이콘_체크표시와아이콘박스.png","png","205779","fd7f2dcad4b1e615f4e53fbb88b2dcfa7c4ab3622dccbd0049e93143c3505be1"
"curated-library","카테고리아이콘","src/stitch/extracted/renamed_images/카테고리아이콘_축구하는곰.png","05-icons/category/카테고리아이콘_축구하는곰.png","카테고리아이콘_축구하는곰.png","png","81809","7db6400d8e540b1e557b81decdb19829c4a36d36c7ad575d6710eec287891539"
"curated-library","카테고리아이콘","src/stitch/extracted/renamed_images/카테고리아이콘_친구초대.png","05-icons/category/카테고리아이콘_친구초대.png","카테고리아이콘_친구초대.png","png","52118","8134160553eb26d786c17914796d07fef1caaf259922aa760588d80f49c9cc1f"
"curated-library","카테고리아이콘","src/stitch/extracted/renamed_images/카테고리아이콘_카페건물.png","05-icons/category/카테고리아이콘_카페건물.png","카테고리아이콘_카페건물.png","png","90563","51577c0ab20dc00871374e33488134dcd477902c9690802598252f658f656648"
"curated-library","카테고리아이콘","src/stitch/extracted/renamed_images/카테고리아이콘_캘린더혜니.png","05-icons/category/카테고리아이콘_캘린더혜니.png","카테고리아이콘_캘린더혜니.png","png","58248","6070f732e1e6a5051107bd75b83d3737eed2e0873ffe3dc41d61c66a5759bd1e"
"curated-library","카테고리아이콘","src/stitch/extracted/renamed_images/카테고리아이콘_코딩하는곰.png","05-icons/category/카테고리아이콘_코딩하는곰.png","카테고리아이콘_코딩하는곰.png","png","80180","c761eb4dac7d1e2cb40dd2d103c88400c850b3a3560652bd1be5117912966a97"
"curated-library","카테고리아이콘","src/stitch/extracted/renamed_images/카테고리아이콘_태권도하는곰.png","05-icons/category/카테고리아이콘_태권도하는곰.png","카테고리아이콘_태권도하는곰.png","png","122955","57ab62edfd8312d76ebbddfd65013f2c19a69445c19536ec8938a0859d3fc9b8"
"curated-library","카테고리아이콘","src/stitch/extracted/renamed_images/카테고리아이콘_펼친책.png","05-icons/category/카테고리아이콘_펼친책.png","카테고리아이콘_펼친책.png","png","51314","f26a7bcdc6f160189271336ffca3a2a06eabeb976e0459e9ba3cb76221c12563"
"curated-library","카테고리아이콘","src/stitch/extracted/renamed_images/카테고리아이콘_폰하트체크.png","05-icons/category/카테고리아이콘_폰하트체크.png","카테고리아이콘_폰하트체크.png","png","46913","192bd8705e9b85f9aba842c56028af9112b3916101a4fbcdb970ac0db37e4a83"
"curated-library","카테고리아이콘","src/stitch/extracted/renamed_images/카테고리아이콘_프로필사용자.png","05-icons/category/카테고리아이콘_프로필사용자.png","카테고리아이콘_프로필사용자.png","png","61284","9cd6c68060b5e4ab8ec3cd6eb2f44205e84be15c96cf0dcb93f687af28c12b15"
"curated-library","카테고리아이콘","src/stitch/extracted/renamed_images/카테고리아이콘_플러스버튼.png","05-icons/category/카테고리아이콘_플러스버튼.png","카테고리아이콘_플러스버튼.png","png","66023","653ff73e63ff2166c8a423a209de9abd28f9c92a7214309462299f771ddfc5e0"
"curated-library","카테고리아이콘","src/stitch/extracted/renamed_images/카테고리아이콘_피아노치는곰.png","05-icons/category/카테고리아이콘_피아노치는곰.png","카테고리아이콘_피아노치는곰.png","png","106028","52d97a02853f2bd2c190c08af78309ccbfeb73845f98efbd4dcd13424f4d193b"
"curated-library","카테고리아이콘","src/stitch/extracted/renamed_images/카테고리아이콘_핑크다이어리.png","05-icons/category/카테고리아이콘_핑크다이어리.png","카테고리아이콘_핑크다이어리.png","png","71164","eadc39dcf59fa17571e870a18094a1f9cf5c44bb1289b2fbce953d0bd526dafd"
"curated-library","카테고리아이콘","src/stitch/extracted/renamed_images/카테고리아이콘_핑크닫기버튼.png","05-icons/category/카테고리아이콘_핑크닫기버튼.png","카테고리아이콘_핑크닫기버튼.png","png","27890","be65bfeedbc6d0ede65e665165de4f00c52a11dec4dd7a0951629a718ab828a4"
"curated-library","카테고리아이콘","src/stitch/extracted/renamed_images/카테고리아이콘_핑크보라새로고침.png","05-icons/category/카테고리아이콘_핑크보라새로고침.png","카테고리아이콘_핑크보라새로고침.png","png","60200","a3b16a899cae1ecdfc16f699597e5367fec1244417ac23d65ca2b0906f53a705"
"curated-library","카테고리아이콘","src/stitch/extracted/renamed_images/카테고리아이콘_핑크지붕집.png","05-icons/category/카테고리아이콘_핑크지붕집.png","카테고리아이콘_핑크지붕집.png","png","85547","29ad13dc878553a51d1c3e7917c42d0e9f7b87a3aa7027b7ec6a153b9336fa45"
"curated-library","카테고리아이콘","src/stitch/extracted/renamed_images/카테고리아이콘_핑크체크표시.png","05-icons/category/카테고리아이콘_핑크체크표시.png","카테고리아이콘_핑크체크표시.png","png","15546","c419eb6f07feb3e451550e3e70e61c2b1bf0b0789f8ed36d40765f199357c6ce"
"curated-library","카테고리아이콘","src/stitch/extracted/renamed_images/카테고리아이콘_핑크캘린더_01.png","05-icons/category/카테고리아이콘_핑크캘린더_01.png","카테고리아이콘_핑크캘린더_01.png","png","41690","ad833ff3368bae1ac12a342faac28d42f856d233eba951fe814d161311b7fb3a"
"curated-library","카테고리아이콘","src/stitch/extracted/renamed_images/카테고리아이콘_핑크탁상캘린더.png","05-icons/category/카테고리아이콘_핑크탁상캘린더.png","카테고리아이콘_핑크탁상캘린더.png","png","70504","246ea259a8ed1aad4e1dd680593b00fe81bf996f1720ba289224734232e8b8d9"
"curated-library","카테고리아이콘","src/stitch/extracted/renamed_images/카테고리아이콘_핑크토글켜짐.png","05-icons/category/카테고리아이콘_핑크토글켜짐.png","카테고리아이콘_핑크토글켜짐.png","png","25710","fb510d5abe30ff36545d00a3b93c31afb8679456b42d1fee9b0d626493680917"
"curated-library","카테고리아이콘","src/stitch/extracted/renamed_images/카테고리아이콘_핑크페이지인디케이터.png","05-icons/category/카테고리아이콘_핑크페이지인디케이터.png","카테고리아이콘_핑크페이지인디케이터.png","png","31110","4bb2e593a2a9b17f1a31d269237eb3ccea0e9960667d4fe4a1839f3cb45a2734"
"curated-library","카테고리아이콘","src/stitch/extracted/renamed_images/카테고리아이콘_핑크플러스버튼_01.png","05-icons/category/카테고리아이콘_핑크플러스버튼_01.png","카테고리아이콘_핑크플러스버튼_01.png","png","25602","6c59e94bebf956f172cabb034976e7c2ef076e5eed43fb493c50eb79ab5e2eb4"
"curated-library","카테고리아이콘","src/stitch/extracted/renamed_images/카테고리아이콘_핑크플러스버튼_02.png","05-icons/category/카테고리아이콘_핑크플러스버튼_02.png","카테고리아이콘_핑크플러스버튼_02.png","png","38573","a9c301c183ece1c548da9d434167682c50e928449bcf04715ccce4cc7bd907dc"
"curated-library","카테고리아이콘","src/stitch/extracted/renamed_images/카테고리아이콘_핑크하트집.png","05-icons/category/카테고리아이콘_핑크하트집.png","카테고리아이콘_핑크하트집.png","png","80970","1b06f86f82a5ab72e8057e119fbcfb1b663b60fc8943b1f1b3dc03aa7b973210"
"curated-library","카테고리아이콘","src/stitch/extracted/renamed_images/카테고리아이콘_핑크하트캘린더.png","05-icons/category/카테고리아이콘_핑크하트캘린더.png","카테고리아이콘_핑크하트캘린더.png","png","85174","5127c3177d98f891377bf02ebb2977a78b6997f7a49772a452fee9ebc857f804"
"curated-library","카테고리아이콘","src/stitch/extracted/renamed_images/카테고리아이콘_하트달력.png","05-icons/category/카테고리아이콘_하트달력.png","카테고리아이콘_하트달력.png","png","69138","52ddcb6349f9ea875c5adaebcbbe8a43e955e055c42ed84ae9b7b5c40c4ef9d8"
"curated-library","카테고리아이콘","src/stitch/extracted/renamed_images/카테고리아이콘_하트북마크.png","05-icons/category/카테고리아이콘_하트북마크.png","카테고리아이콘_하트북마크.png","png","53786","939fe01f989196e168258843fcfdbc471b48afe6131462ef6f8837dc9ab15b22"
"curated-library","카테고리아이콘","src/stitch/extracted/renamed_images/카테고리아이콘_학교건물_n01.png","05-icons/category/카테고리아이콘_학교건물_n01.png","카테고리아이콘_학교건물_n01.png","png","90560","d80fc98232db11e1a3d106842622055dba619890214a9b76769676988b028618"
"curated-library","카테고리아이콘","src/stitch/extracted/renamed_images/카테고리아이콘_학교건물.png","05-icons/category/카테고리아이콘_학교건물.png","카테고리아이콘_학교건물.png","png","96044","77c46fe17ec58d4aa8eb96fa5cc3ecbd0a84e3a22a3ff2f889280d0b85545adb"
"curated-library","카테고리아이콘","src/stitch/extracted/renamed_images/카테고리아이콘_학원달력.png","05-icons/category/카테고리아이콘_학원달력.png","카테고리아이콘_학원달력.png","png","90188","decae771a648b673a9c0b8144e9d1dcf7229a82eb0e9e5dc5e7c0df7054d33b2"
"curated-library","카테고리아이콘","src/stitch/extracted/renamed_images/카테고리아이콘_QR코드초대.png","05-icons/category/카테고리아이콘_QR코드초대.png","카테고리아이콘_QR코드초대.png","png","63971","23d77b618922f35e6109b6e4566822989a61bb67788aa2364eb8fd4243d7e8ca"
"curated-library","프로필이미지","src/stitch/extracted/renamed_images/프로필이미지_가방멘남학생.png","03-hyeni-character/profile/프로필이미지_가방멘남학생.png","프로필이미지_가방멘남학생.png","png","101436","321cf345b4946b59c0d556e6478da61aa95336bdf7d9832c8d5bb07b713d9f24"
"curated-library","프로필이미지","src/stitch/extracted/renamed_images/프로필이미지_가방멘소녀.png","03-hyeni-character/profile/프로필이미지_가방멘소녀.png","프로필이미지_가방멘소녀.png","png","113417","bdb16e64f3c3e3f6776d4d990569934a84c0ccb93a5ea30281b2d3b13c60b0ee"
"curated-library","프로필이미지","src/stitch/extracted/renamed_images/프로필이미지_가족과함께혜니.png","03-hyeni-character/profile/프로필이미지_가족과함께혜니.png","프로필이미지_가족과함께혜니.png","png","153257","bdb081b85eeb3339bcf189445b8bc58765fa991101df1bdd1ff9ce01dd2326e1"
"curated-library","프로필이미지","src/stitch/extracted/renamed_images/프로필이미지_노란가방멘소녀.png","03-hyeni-character/profile/프로필이미지_노란가방멘소녀.png","프로필이미지_노란가방멘소녀.png","png","107790","3f460f1334d9b80d0da8e8b415c73747b1c61e1c0744f698a2101f3395739973"
"curated-library","프로필이미지","src/stitch/extracted/renamed_images/프로필이미지_딸.png","03-hyeni-character/profile/프로필이미지_딸.png","프로필이미지_딸.png","png","102947","60de1df2445bd7999b9a318e7efc526a333ef5074a42b81eed2be804b704525c"
"curated-library","프로필이미지","src/stitch/extracted/renamed_images/프로필이미지_아들.png","03-hyeni-character/profile/프로필이미지_아들.png","프로필이미지_아들.png","png","91702","2a92aee1c0cd31bb8569c0cf45c77f6cb5202ad58b3ff8aabf45fac73433377a"
"curated-library","프로필이미지","src/stitch/extracted/renamed_images/프로필이미지_아빠.png","03-hyeni-character/profile/프로필이미지_아빠.png","프로필이미지_아빠.png","png","116586","4fd5bb257624ee1449ff1e2dba34b82130fdd44e712cbfd063bc54e89a443014"
"curated-library","프로필이미지","src/stitch/extracted/renamed_images/프로필이미지_엄마.png","03-hyeni-character/profile/프로필이미지_엄마.png","프로필이미지_엄마.png","png","129940","16137970640cc4850488335c95cfb7f7b5f9468ce2903fa0c04b1b73abb7c803"
"curated-library","프로필이미지","src/stitch/extracted/renamed_images/프로필이미지_엄마전화통화.png","03-hyeni-character/profile/프로필이미지_엄마전화통화.png","프로필이미지_엄마전화통화.png","png","75571","2d04711a13e05f6b6ff7a3f30f51145b540ac574f9e3788fabbe704f9b6cef2e"
"curated-library","프로필이미지","src/stitch/extracted/renamed_images/프로필이미지_웃는가족셋.png","03-hyeni-character/profile/프로필이미지_웃는가족셋.png","프로필이미지_웃는가족셋.png","png","189133","59103d770bb1a293d918abeba6dd8e33265c88d28d8ffc73b5d922a3dd34ffcf"
"curated-library","프로필이미지","src/stitch/extracted/renamed_images/프로필이미지_커플하트액자.png","03-hyeni-character/profile/프로필이미지_커플하트액자.png","프로필이미지_커플하트액자.png","png","97594","07bef67dcf8c838189e1f88035b4a057c2a7eadeffebb8aa0ad504145c9105eb"
"curated-library","프로필이미지","src/stitch/extracted/renamed_images/프로필이미지_팔짱낀엄마.png","03-hyeni-character/profile/프로필이미지_팔짱낀엄마.png","프로필이미지_팔짱낀엄마.png","png","113760","17820110533e155978e9bc0013695de996f8693e03d3a247202a8854190f224b"
"curated-library","프로필이미지","src/stitch/extracted/renamed_images/프로필이미지_폰보는남자친구_01.png","03-hyeni-character/profile/프로필이미지_폰보는남자친구_01.png","프로필이미지_폰보는남자친구_01.png","png","121150","d7e559c06f1ef27340946773c5f26d439830c4642f5f279c2f4fbf221c1e207f"
"curated-library","프로필이미지","src/stitch/extracted/renamed_images/프로필이미지_폰보는남자친구_02.png","03-hyeni-character/profile/프로필이미지_폰보는남자친구_02.png","프로필이미지_폰보는남자친구_02.png","png","130710","0286ab3b5905ac3f19ab510528a51e33154927c876b0591247ea795f7b9d61bb"
"curated-library","프로필이미지","src/stitch/extracted/renamed_images/프로필이미지_혜니얼굴웃음.png","03-hyeni-character/profile/프로필이미지_혜니얼굴웃음.png","프로필이미지_혜니얼굴웃음.png","png","71800","3d597faec4323ee3ab93e2d06006d4fb8fbc87d07367716b8ecd2d79ea243192"
"design-reference","design","design/device-splash.png","12-design-references/design/device-splash.png","device-splash.png","png","17469","7adc90de163374b686e3658413811a6921de1ebd810d62c67bf921b1d60d2913"
"design-reference","design","design/preview-junior-pass.png","12-design-references/design/preview-junior-pass.png","preview-junior-pass.png","png","1166708","e03c07dbb76b9b4d896123369f64323ad2423432c70393c85ad9712d8c747f70"
"design-reference","design","design/preview-live-welcome.png","12-design-references/design/preview-live-welcome.png","preview-live-welcome.png","png","152419","96154bd88628a8028e32118d78afaec539f2b2c7bdd06d1c387467e0181d36bb"
"design-reference","design","design/preview-v2-variations.png","12-design-references/design/preview-v2-variations.png","preview-v2-variations.png","png","1634439","e803051b3fc900ae2df3c0648366b5ecd6897934ce79d3b60fdaa804f93acef4"
"design-reference","design","design/preview-v3-full-b.png","12-design-references/design/preview-v3-full-b.png","preview-v3-full-b.png","png","1462044","dc5d1087592f89a23ec09468b61866d72c17ca66f7de9e7368942886008c6ced"
"design-reference","design","design/preview-v4a.png","12-design-references/design/preview-v4a.png","preview-v4a.png","png","1359649","0ba671f165f10f3bb82553c5f150e5509478d2c7e30768f4abcaac3398bf3fc2"
"design-reference","design","design/preview-v4b.png","12-design-references/design/preview-v4b.png","preview-v4b.png","png","1501141","ff731490fe6641a93215e34947bf6439dfb8d63deb7ab5e34f7027f382c81715"
"design-reference","design","design/preview-v4c.png","12-design-references/design/preview-v4c.png","preview-v4c.png","png","2125572","1262a2e4650f74a1c282c7622d48774d5dc60a4c1d0a6d16a4381a488fafc679"
"design-reference","design","design/preview-v4d.png","12-design-references/design/preview-v4d.png","preview-v4d.png","png","865518","2cf79e4269f916c959334934678d2297835c1e810236580f392e06aad2ee3897"
"design-reference","screenshots","screenshots/captured/01-role-select.png","12-design-references/screenshots/captured/01-role-select.png","01-role-select.png","png","35232","78f9962332f8bf15580d9962cf2c7f0d997377465832d809afe40b6d0689de80"
"design-reference","screenshots","screenshots/captured/02-parent-auth.png","12-design-references/screenshots/captured/02-parent-auth.png","02-parent-auth.png","png","27897","2ae7417448b58832e01b785f69c57bdf75eda86ed3e542a9702327e7df25e71b"
"design-reference","screenshots","screenshots/captured/03-parent-auth-idpw-expanded.png","12-design-references/screenshots/captured/03-parent-auth-idpw-expanded.png","03-parent-auth-idpw-expanded.png","png","37357","6edea74c5bc6e97090e7ad8c08522a86a0ec373466e3f183f3fc0741da47710f"
"design-reference","screenshots","screenshots/captured/04-parent-signup.png","12-design-references/screenshots/captured/04-parent-signup.png","04-parent-signup.png","png","44430","d0ac6902aa593bff46d8d79ccc43095afb79ad9320df4afea45e41b553061e77"
"design-reference","screenshots","screenshots/captured/05-parent-signup-birth-picker.png","12-design-references/screenshots/captured/05-parent-signup-birth-picker.png","05-parent-signup-birth-picker.png","png","37528","597c837444bd34b1d2c0970ffbfa2691ec6dd67fdd8d3777ba67880736e6e791"
"design-reference","screenshots","screenshots/captured/06-role-select-with-resume.png","12-design-references/screenshots/captured/06-role-select-with-resume.png","06-role-select-with-resume.png","png","40086","88935024a41280a47e90a86e8d191c9c7564b9e6c3db50772b2f1846897a99d9"
"design-reference","screenshots","screenshots/captured/07-child-pair-input.png","12-design-references/screenshots/captured/07-child-pair-input.png","07-child-pair-input.png","png","46345","8ae2b9087604b3d162c3ac3a0cbf6df30805092d68534b0186873c878a80ab86"
"design-reference","screenshots","screenshots/design1/ChatGPT Image 2026년 5월 7일 오후 04_20_03 (1).png","12-design-references/screenshots/design1/ChatGPT Image 2026년 5월 7일 오후 04_20_03 (1).png","ChatGPT Image 2026년 5월 7일 오후 04_20_03 (1).png","png","1392039","6ed9d2175617018fec8676b6a866a7a02d644ee28a3bc32c1a8518aff13ace20"
"design-reference","screenshots","screenshots/design1/ChatGPT Image 2026년 5월 7일 오후 04_20_03 (2).png","12-design-references/screenshots/design1/ChatGPT Image 2026년 5월 7일 오후 04_20_03 (2).png","ChatGPT Image 2026년 5월 7일 오후 04_20_03 (2).png","png","1038438","12e320c9d7442b19ea5d7bb542c3e6fc6faefd40c94f52d9c6036218e3983253"
"design-reference","screenshots","screenshots/design1/ChatGPT Image 2026년 5월 7일 오후 04_20_03 (3).png","12-design-references/screenshots/design1/ChatGPT Image 2026년 5월 7일 오후 04_20_03 (3).png","ChatGPT Image 2026년 5월 7일 오후 04_20_03 (3).png","png","1097391","fcba8a8403e80e82354992cbf8d3683e29335f1627ec8e87729d774c1612eefb"
"design-reference","screenshots","screenshots/design1/ChatGPT Image 2026년 5월 7일 오후 04_20_04 (4).png","12-design-references/screenshots/design1/ChatGPT Image 2026년 5월 7일 오후 04_20_04 (4).png","ChatGPT Image 2026년 5월 7일 오후 04_20_04 (4).png","png","1023511","3081c010cdf4a1077804d3111a9a9d07f44662d965346f5630f11ddaaf7c2b94"
"design-reference","screenshots","screenshots/design1/ChatGPT Image 2026년 5월 7일 오후 04_20_05 (5).png","12-design-references/screenshots/design1/ChatGPT Image 2026년 5월 7일 오후 04_20_05 (5).png","ChatGPT Image 2026년 5월 7일 오후 04_20_05 (5).png","png","1332421","d3f1aab16f6131aa262b9a95929523f957b3e8cdca41b9d54a106a22c37e6eeb"
"design-reference","screenshots","screenshots/design1/ChatGPT Image 2026년 5월 7일 오후 04_20_05 (6).png","12-design-references/screenshots/design1/ChatGPT Image 2026년 5월 7일 오후 04_20_05 (6).png","ChatGPT Image 2026년 5월 7일 오후 04_20_05 (6).png","png","1360968","4b408e695fe0ec07d29d59ec210f98129848d435619e2d3cf92d2e7c1ffe6b62"
"design-reference","screenshots","screenshots/design1/ChatGPT Image 2026년 5월 7일 오후 04_20_06 (7).png","12-design-references/screenshots/design1/ChatGPT Image 2026년 5월 7일 오후 04_20_06 (7).png","ChatGPT Image 2026년 5월 7일 오후 04_20_06 (7).png","png","1292963","7e7350e6c877ea503449f55bbde3592a50aa244d54e02bc266a97ea8672ef24e"
"design-reference","screenshots","screenshots/design1/ChatGPT Image 2026년 5월 7일 오후 04_20_06 (8).png","12-design-references/screenshots/design1/ChatGPT Image 2026년 5월 7일 오후 04_20_06 (8).png","ChatGPT Image 2026년 5월 7일 오후 04_20_06 (8).png","png","1294422","de93bfe5a8a286563932f52c6b1d6c846aa32f2c644fb144ab39147b4aebe70f"
"design-reference","screenshots","screenshots/design1/ChatGPT Image 2026년 5월 7일 오후 04_20_06 (9).png","12-design-references/screenshots/design1/ChatGPT Image 2026년 5월 7일 오후 04_20_06 (9).png","ChatGPT Image 2026년 5월 7일 오후 04_20_06 (9).png","png","1265146","f9f1f1edd5a26de9fc414bd9116d03de0d815deb102df96b64462959ce3db115"
"design-reference","screenshots","screenshots/design1/ChatGPT Image 2026년 5월 7일 오후 04_20_07 (10).png","12-design-references/screenshots/design1/ChatGPT Image 2026년 5월 7일 오후 04_20_07 (10).png","ChatGPT Image 2026년 5월 7일 오후 04_20_07 (10).png","png","1320561","ce2c8326bc40044c20a6c98ede47129349c987c20dd8c70cda6dbeb3f3a2e404"
"design-reference","screenshots","screenshots/legacy/final-01-role-select.png","12-design-references/screenshots/legacy/final-01-role-select.png","final-01-role-select.png","png","76081","995ba606b3baebceb20119dd97c2ee0c956600bc38f1d6f10d55181b5d0c31cb"
"design-reference","screenshots","screenshots/legacy/final-02-logout-confirm.png","12-design-references/screenshots/legacy/final-02-logout-confirm.png","final-02-logout-confirm.png","png","95502","00178ce72d86ac0c38af6af3830e4f890e9b28720f6e3ca9c460c7b3c8e03266"
"design-reference","screenshots","screenshots/legacy/final-03-role-select.png","12-design-references/screenshots/legacy/final-03-role-select.png","final-03-role-select.png","png","80193","c563aae637f15fce27b6960990e1b0ca776aceb4a50e36c335620746bd123717"
"design-reference","screenshots","screenshots/legacy/final-04-login.png","12-design-references/screenshots/legacy/final-04-login.png","final-04-login.png","png","56827","86d792f3408e2316ea69c59547d64796b3df69c438b7006d8822e9da9265eac9"
"design-reference","screenshots","screenshots/legacy/hyeni-blue-theme-after-status-width-fix.png","12-design-references/screenshots/legacy/hyeni-blue-theme-after-status-width-fix.png","hyeni-blue-theme-after-status-width-fix.png","png","85091","e82dd8213d44b12b3e8c2d8af97bcb228a3d4f26476d5d8bc2d3211136e2ca61"
"design-reference","screenshots","screenshots/legacy/hyeni-current-blue-theme-role-screen.png","12-design-references/screenshots/legacy/hyeni-current-blue-theme-role-screen.png","hyeni-current-blue-theme-role-screen.png","png","85091","e82dd8213d44b12b3e8c2d8af97bcb228a3d4f26476d5d8bc2d3211136e2ca61"
"design-reference","screenshots","screenshots/legacy/hyeni-current-role-screen.png","12-design-references/screenshots/legacy/hyeni-current-role-screen.png","hyeni-current-role-screen.png","png","86571","ed043dbd718f1c21ccde6ff729d41d2a9a8df26e35239dad727c30baa1e08c42"
"design-reference","screenshots","screenshots/legacy/review-01-initial.png","12-design-references/screenshots/legacy/review-01-initial.png","review-01-initial.png","png","80052","b0004c4c4a8484eed1c70abffec82b58b73fdd2fead038fb9a785ba4f194729c"
"design-reference","screenshots","screenshots/legacy/review-02-parent-login.png","12-design-references/screenshots/legacy/review-02-parent-login.png","review-02-parent-login.png","png","56486","76b1faa67a0673b3b177ec9ecaf1047bbd6cc971fbd3de8ca336699dab98fcbb"
"design-reference","screenshots","screenshots/legacy/review-03-after-login.png","12-design-references/screenshots/legacy/review-03-after-login.png","review-03-after-login.png","png","80642","c59d52f564a5437f820ff48bc452501a805b6e969298f8b63d2aa4d31cbe9b8f"
"design-reference","screenshots","screenshots/legacy/review-04-home.png","12-design-references/screenshots/legacy/review-04-home.png","review-04-home.png","png","100466","076bc88668580fd55c3931e67385ffe955dc399ae1fe35da00d4993924772164"
"design-reference","screenshots","screenshots/legacy/review-05-calendar.png","12-design-references/screenshots/legacy/review-05-calendar.png","review-05-calendar.png","png","114185","6b197f1f83ef67e73a3bb97d88452620e709da9ff0c52218992d7d81a02399b6"
"design-reference","screenshots","screenshots/legacy/review-06-child-detail.png","12-design-references/screenshots/legacy/review-06-child-detail.png","review-06-child-detail.png","png","207066","e9090608002c81f7a668b7605ab85d62224f48464ddc1010924b63a8d841946c"
"design-reference","screenshots","screenshots/legacy/review-07-after-batch1.png","12-design-references/screenshots/legacy/review-07-after-batch1.png","review-07-after-batch1.png","png","76077","920f89d50609e5d54d01c1a822c509814b00f20dc6f4aef591ccc8ddb8272b98"
"design-reference","screenshots","screenshots/legacy/review-08-child-detail-after-batch1.png","12-design-references/screenshots/legacy/review-08-child-detail-after-batch1.png","review-08-child-detail-after-batch1.png","png","209316","9467636301f412fc913f7da14acf3a52b281988171046ea97e58059b7c5cb0a0"
"design-reference","screenshots","screenshots/legacy/review-09-home-after-batch1.png","12-design-references/screenshots/legacy/review-09-home-after-batch1.png","review-09-home-after-batch1.png","png","95868","65549c3fc4a682ae119a577dd9027eb5ebbc42d570ee928c8398697014c63d08"
"design-reference","screenshots","screenshots/legacy/review-10-after-batch2.png","12-design-references/screenshots/legacy/review-10-after-batch2.png","review-10-after-batch2.png","png","73695","27a4ac33b574350998d867c99ff181992fd7f0fb894ba950755dbd9fb61cbf07"
"design-reference","screenshots","screenshots/legacy/review-11-home-after-batch2.png","12-design-references/screenshots/legacy/review-11-home-after-batch2.png","review-11-home-after-batch2.png","png","95986","c7e0d0a766aa6dfd5d60a9d30774dd42df4d95770c278c91f3fbbbd0e4f1ca01"
"design-reference","screenshots","screenshots/legacy/review-12-places.png","12-design-references/screenshots/legacy/review-12-places.png","review-12-places.png","png","95220","991b067d2f4e856b16265337bc4676a07a62c8b8887261a2176d2dfd00e8d75b"
"design-reference","screenshots","screenshots/legacy/review-13-family.png","12-design-references/screenshots/legacy/review-13-family.png","review-13-family.png","png","87131","8e124bd7dc76ce2578aa8ab3974ede06b5111b71294f64092a208d11fbef9bab"
"design-reference","screenshots","screenshots/legacy/review-14-memo.png","12-design-references/screenshots/legacy/review-14-memo.png","review-14-memo.png","png","95142","1bca1182c2d7fba4f9fbfc1fb7af25e0d21b78108f6418081cf799f9d9ffe932"
"design-reference","screenshots","screenshots/verify/01_initial.png","12-design-references/screenshots/verify/01_initial.png","01_initial.png","png","27380","ddc81868e9921439d26493bf23152525dfa8a41603c0dc2836536a08e663568d"
"design-reference","screenshots","screenshots/verify/02_app_launch.png","12-design-references/screenshots/verify/02_app_launch.png","02_app_launch.png","png","439991","25a0a1748eb0e136f7d57b583839ce87e7e4cc44a4436f4496ce24707f8eebfa"
"design-reference","screenshots","screenshots/verify/03_after_parent.png","12-design-references/screenshots/verify/03_after_parent.png","03_after_parent.png","png","506849","9ee54b7a32278386af8e45b23a75d7924815dc34207becf0db8e1fa8b77b3b5a"
"design-reference","screenshots","screenshots/verify/04_parent_chosen.png","12-design-references/screenshots/verify/04_parent_chosen.png","04_parent_chosen.png","png","479226","bb097a77d91bedbaf3298455dad014279fcc3c474d8a144212f8d20909b0d139"
"design-reference","screenshots","screenshots/verify/05_zy_screen.png","12-design-references/screenshots/verify/05_zy_screen.png","05_zy_screen.png","png","1866985","bab7d408638287ec76484527eb51924a7d01af5f3b024efa3c67b6f7750ec237"
"design-reference","screenshots","screenshots/verify/iter3_01_splash.png","12-design-references/screenshots/verify/iter3_01_splash.png","iter3_01_splash.png","png","81730","eab7f3c40b2699384fa80c8f8f4a9e89c9f7978443872dc71d6fb83a41c466a7"
"design-reference","screenshots","screenshots/verify/iter3_02_parent_auth.png","12-design-references/screenshots/verify/iter3_02_parent_auth.png","iter3_02_parent_auth.png","png","93303","ae4cf195d9b9653a468fc65b56819de790f6a9d6d4953246a203f056fa658662"
"design-reference","screenshots","screenshots/verify/iter3_03_child_pair.png","12-design-references/screenshots/verify/iter3_03_child_pair.png","iter3_03_child_pair.png","png","127914","fed658b98321019e4db79a70e9c90aca74e8b31207a9e6ec99683a279f0b348a"
"design-reference","screenshots","screenshots/verify/iter3_04_parent_after_auth.png","12-design-references/screenshots/verify/iter3_04_parent_after_auth.png","iter3_04_parent_after_auth.png","png","40018","6699dbe834c6d5153b857dfe5f186c72bd39eeaa3ad5b1a08d133615398f260c"
"design-reference","screenshots","screenshots/verify/iter3_05_parent_home_nokid.png","12-design-references/screenshots/verify/iter3_05_parent_home_nokid.png","iter3_05_parent_home_nokid.png","png","38528","7337d1ee435872db6404c784322d8655c9362b3e01c0d58b0baf4983c11cefa6"
"design-reference","screenshots","screenshots/verify/iter3_06_parent_home.png","12-design-references/screenshots/verify/iter3_06_parent_home.png","iter3_06_parent_home.png","png","96578","07ac62e2f947dcce5102a38df7872b198c591f300ec7591c076bdffe04c37efd"
"design-reference","screenshots","screenshots/verify/iter3_07_wizard_2.png","12-design-references/screenshots/verify/iter3_07_wizard_2.png","iter3_07_wizard_2.png","png","104108","4cb4515ad5cc0717b2a1c6629fec2020a6b41b8c88cf1162af160581ada4702b"
"design-reference","screenshots","screenshots/verify/iter3_08_wizard_3.png","12-design-references/screenshots/verify/iter3_08_wizard_3.png","iter3_08_wizard_3.png","png","109117","a623f46166d17de5e8b5f0af1e8d741e754cc0acb2a0f3e7d1dc62362f5e2f5e"
"design-reference","screenshots","screenshots/verify/iter3_09_wizard_4.png","12-design-references/screenshots/verify/iter3_09_wizard_4.png","iter3_09_wizard_4.png","png","118419","b750cc3bb3fa95a7524866741caf2d5a75658003ea151339f4b17a42047fa942"
"design-reference","screenshots","screenshots/verify/iter3_10_date_picker.png","12-design-references/screenshots/verify/iter3_10_date_picker.png","iter3_10_date_picker.png","png","78466","aaa61d6ddcac5adac760369025c61771defb529f66938a8b67ed3e47519e3f70"
"design-reference","screenshots","screenshots/verify/iter3_11_wizard_progress.png","12-design-references/screenshots/verify/iter3_11_wizard_progress.png","iter3_11_wizard_progress.png","png","138592","9e105f7b9bdea1ad3967f2e1b94232ced5b938ce31a8b1123e0f1b6fab8d0cb9"
"design-reference","screenshots","screenshots/verify/iter3_12_parent_home_multi.png","12-design-references/screenshots/verify/iter3_12_parent_home_multi.png","iter3_12_parent_home_multi.png","png","167954","bc953b074e0137d9617699c5e8394f4a52876868c2408150c1fa41385455b32f"
"design-reference","screenshots","screenshots/verify/iter3_13_today_arin.png","12-design-references/screenshots/verify/iter3_13_today_arin.png","iter3_13_today_arin.png","png","242063","53475ff0e6fa2e5968933a8cfec8278ce48dad92c93ab19a07bc10d7ac02f2d2"
"design-reference","screenshots","screenshots/verify/iter3_14_memo.png","12-design-references/screenshots/verify/iter3_14_memo.png","iter3_14_memo.png","png","79278","d54ba840b640860e722293fcae56c08a1dc892d48711ae45944eb0c83c737388"
"design-reference","screenshots","screenshots/verify/iter3_15_place.png","12-design-references/screenshots/verify/iter3_15_place.png","iter3_15_place.png","png","225580","38ac531d9240fd10d6eff46fc8224bb7c3f0856a2680515007dccab6fc2e394a"
"design-reference","screenshots","screenshots/verify/iter3_16_subscription.png","12-design-references/screenshots/verify/iter3_16_subscription.png","iter3_16_subscription.png","png","253830","17abc2ddda24cd3066c0083fb30277a7e4534b1d63ee347ac524cda2e2b94c01"
"design-reference","screenshots","screenshots/verify/iter3_17_child_home.png","12-design-references/screenshots/verify/iter3_17_child_home.png","iter3_17_child_home.png","png","135905","e5adfbb14327a0f4a3beca753d741784a34e368ea02cbfd0d3ab05c9dcc84690"
"design-reference","screenshots","screenshots/verify/iter3_18_child_memo.png","12-design-references/screenshots/verify/iter3_18_child_memo.png","iter3_18_child_memo.png","png","76396","bfa8b2de930753947bccd6910528b2f945fd1b878ebf15ba04e1f550c1b9d206"
"design-reference","screenshots","screenshots/verify/iter3_19_child_settings.png","12-design-references/screenshots/verify/iter3_19_child_settings.png","iter3_19_child_settings.png","png","111254","0ce270b5d2200d06c766c4a21e9b2e55a84d60519fbedf01d33a0ea9fa3bf5ac"
"design-reference","screenshots","screenshots/verify/iter4_01_child_home.png","12-design-references/screenshots/verify/iter4_01_child_home.png","iter4_01_child_home.png","png","205683","2d80d86bf519655070f7f6db2f2a65ba78f4310524ee5f71c34142dc52249950"
"design-reference","screenshots","screenshots/verify/iter4_02_after_resize.png","12-design-references/screenshots/verify/iter4_02_after_resize.png","iter4_02_after_resize.png","png","207430","f3d859d29b8d39e394a2a3b2de35195fc800ac3094eb2413f9283e6c7895923f"
"fonts","public-fonts","public/fonts/PretendardVariable.woff2","09-fonts/PretendardVariable.woff2","PretendardVariable.woff2","woff2","2057688","9599f12fd42fc0bce1cd50b47a0c022e108d7aa64dd0d1bb0ed44f3282d900b4"
"platform","android-res","android/app/src/main/res/drawable-land-hdpi/splash.png","10-platform/android-res/drawable-land-hdpi/splash.png","splash.png","png","94859","375200b47ed35b911f7aa43bdea2979062dfaba550cfdd567a1b61577ddd82b4"
"platform","android-res","android/app/src/main/res/drawable-land-mdpi/splash.png","10-platform/android-res/drawable-land-mdpi/splash.png","splash.png","png","45717","24863e8147159b7fd0e60ea7fd88b9eb2e285f7823c759e51d7abcb8119ec60c"
"platform","android-res","android/app/src/main/res/drawable-land-xhdpi/splash.png","10-platform/android-res/drawable-land-xhdpi/splash.png","splash.png","png","201719","269dc8d4249c506219a665d2ef5106aecfb13ea3091970893ac5c9c0a7393481"
"platform","android-res","android/app/src/main/res/drawable-land-xxhdpi/splash.png","10-platform/android-res/drawable-land-xxhdpi/splash.png","splash.png","png","342099","71b1de2f90c29ac1d88b4cb92cc2694b177799fa9523e0d94e7a9bc06b4d25ee"
"platform","android-res","android/app/src/main/res/drawable-land-xxxhdpi/splash.png","10-platform/android-res/drawable-land-xxxhdpi/splash.png","splash.png","png","582747","ee29109f7eb273608d46224f62c614a1632d0cc2940098fb8ba1d0e3d0ab470b"
"platform","android-res","android/app/src/main/res/drawable-port-hdpi/splash.png","10-platform/android-res/drawable-port-hdpi/splash.png","splash.png","png","93013","a9283409129920b915156fdf093f3264f9477fc9c45ecedab5342e9035efc459"
"platform","android-res","android/app/src/main/res/drawable-port-mdpi/splash.png","10-platform/android-res/drawable-port-mdpi/splash.png","splash.png","png","44495","3afa3c447e51ee0a4d947003256e489272414f4eb997fdecd8f1b641e41cc827"
"platform","android-res","android/app/src/main/res/drawable-port-xhdpi/splash.png","10-platform/android-res/drawable-port-xhdpi/splash.png","splash.png","png","195841","2b8a5ff18ae1f936c84711b5760ada8594c9c448483fa5beeb8808e4c804922e"
"platform","android-res","android/app/src/main/res/drawable-port-xxhdpi/splash.png","10-platform/android-res/drawable-port-xxhdpi/splash.png","splash.png","png","327400","2cbe4c2e783f6b579bbaf306d1b986b8595aa523782e418b35be2df3de91b216"
"platform","android-res","android/app/src/main/res/drawable-port-xxxhdpi/splash.png","10-platform/android-res/drawable-port-xxxhdpi/splash.png","splash.png","png","562407","36fe0d091e589b143035a3c4a27f6425d94e18da3dce64934bee0f33a8aa37d8"
"platform","android-res","android/app/src/main/res/drawable/splash.png","10-platform/android-res/drawable/splash.png","splash.png","png","45717","24863e8147159b7fd0e60ea7fd88b9eb2e285f7823c759e51d7abcb8119ec60c"
"platform","android-res","android/app/src/main/res/mipmap-hdpi/ic_launcher_foreground.png","10-platform/android-res/mipmap-hdpi/ic_launcher_foreground.png","ic_launcher_foreground.png","png","22361","e22e4835ff05b82835179839eb6c046256bcccac8cfb5eb8e440e35ca12a5645"
"platform","android-res","android/app/src/main/res/mipmap-hdpi/ic_launcher_round.png","10-platform/android-res/mipmap-hdpi/ic_launcher_round.png","ic_launcher_round.png","png","5871","827d558f9491018dafc8da9c9549007b95f334693edfeef259e63b117cde9581"
"platform","android-res","android/app/src/main/res/mipmap-hdpi/ic_launcher.png","10-platform/android-res/mipmap-hdpi/ic_launcher.png","ic_launcher.png","png","5727","4908ba558fb1b447a9940b075250e71e6eaaae90e70db9e56c4261660cbe85ba"
"platform","android-res","android/app/src/main/res/mipmap-mdpi/ic_launcher_foreground.png","10-platform/android-res/mipmap-mdpi/ic_launcher_foreground.png","ic_launcher_foreground.png","png","10744","623fa7d290c8acd159c13208974632b94ea4c17c66f91155cd368e61a81c6755"
"platform","android-res","android/app/src/main/res/mipmap-mdpi/ic_launcher_round.png","10-platform/android-res/mipmap-mdpi/ic_launcher_round.png","ic_launcher_round.png","png","3056","45379f36f619a08a55a1de04e2e9ce211752771115189f37031c174f8998b252"
"platform","android-res","android/app/src/main/res/mipmap-mdpi/ic_launcher.png","10-platform/android-res/mipmap-mdpi/ic_launcher.png","ic_launcher.png","png","2930","b0df02a9961a98239c4b16871a03dfa8d01b2f987a9bfbf8482fa061c6d26e7e"
"platform","android-res","android/app/src/main/res/mipmap-xhdpi/ic_launcher_foreground.png","10-platform/android-res/mipmap-xhdpi/ic_launcher_foreground.png","ic_launcher_foreground.png","png","37272","8f89c9369071885a69dd996372647757b3b88569ba7ef2730fb2e74609f51ef1"
"platform","android-res","android/app/src/main/res/mipmap-xhdpi/ic_launcher_round.png","10-platform/android-res/mipmap-xhdpi/ic_launcher_round.png","ic_launcher_round.png","png","9279","6f6e1b4158fa687e10a9b67980773e2f055ef022cb2bb2fab5cccd2e1d4e83b4"
"platform","android-res","android/app/src/main/res/mipmap-xhdpi/ic_launcher.png","10-platform/android-res/mipmap-xhdpi/ic_launcher.png","ic_launcher.png","png","9481","f6f778f84a454086b3de9e6d29db6bf65caf15bbe83272a9703b7929c0283f51"
"platform","android-res","android/app/src/main/res/mipmap-xxhdpi/ic_launcher_foreground.png","10-platform/android-res/mipmap-xxhdpi/ic_launcher_foreground.png","ic_launcher_foreground.png","png","74812","f54586d92d2d56c5c3bdeb7e985112c9053034dbbfad3c2019962bad1b903ba7"
"platform","android-res","android/app/src/main/res/mipmap-xxhdpi/ic_launcher_round.png","10-platform/android-res/mipmap-xxhdpi/ic_launcher_round.png","ic_launcher_round.png","png","18777","c95665166cfb081d9b1d1242c9a3191e0b6ae8b7ff2866b565ef43fd615b63b4"
"platform","android-res","android/app/src/main/res/mipmap-xxhdpi/ic_launcher.png","10-platform/android-res/mipmap-xxhdpi/ic_launcher.png","ic_launcher.png","png","19988","95165b6be2d061b28be11770717898d2816905ff759ca059453920ed5900a597"
"platform","android-res","android/app/src/main/res/mipmap-xxxhdpi/ic_launcher_foreground.png","10-platform/android-res/mipmap-xxxhdpi/ic_launcher_foreground.png","ic_launcher_foreground.png","png","124781","0e01acff23cc49ed9eb92b0615ee461851c2b8ad097fbbc14b9c21e02d69d5c3"
"platform","android-res","android/app/src/main/res/mipmap-xxxhdpi/ic_launcher_round.png","10-platform/android-res/mipmap-xxxhdpi/ic_launcher_round.png","ic_launcher_round.png","png","31425","e51c8aaced5c96a6f8f8d34f69199f44afd3624fb634494b77cc7b0d85349046"
"platform","android-res","android/app/src/main/res/mipmap-xxxhdpi/ic_launcher.png","10-platform/android-res/mipmap-xxxhdpi/ic_launcher.png","ic_launcher.png","png","33675","30160030f00c6e53e106d8d79ab2f602d298c55b86fae6f8c5441a342e85c5a9"
"platform","android-res","android/app/src/main/res/raw/notif_cute.wav","10-platform/android-res/raw/notif_cute.wav","notif_cute.wav","wav","14156","473b7a2ed816872c685d8b3918c10b726844472986e8a256e9eb2015d58034d4"
"platform","web-public","public/icon-192.png","10-platform/web-public/icon-192.png","icon-192.png","png","32014","fb72b3c04c8ac829aea2b31fba58b6ae9ac9219b5a8e454c3bd2ad26b66aa67c"
"platform","web-public","public/icon-512.png","10-platform/web-public/icon-512.png","icon-512.png","png","176151","eb1206cb871e2071f7956d543aaaf50c8fb074d2686522415d9594631824f134"
"platform","web-public","public/vite.svg","10-platform/web-public/vite.svg","vite.svg","svg","1497","4a748afd443918bb16591c834c401dae33e87861ab5dbad0811c3a3b4a9214fb"
"runtime-3d","current-app-3d","src/assets/3d/animal/bear.webp","01-runtime-3d/animal/bear.webp","bear.webp","webp","6762","23ae039ed2ad1b78eab76388a4b61fc96bdccf1a063f065b4df8f84678ef1131"
"runtime-3d","current-app-3d","src/assets/3d/animal/cat.webp","01-runtime-3d/animal/cat.webp","cat.webp","webp","7822","f8744a41ee57a8ede155fe50c75d66debabd9833f06b75845cbc36a6d5a14dbb"
"runtime-3d","current-app-3d","src/assets/3d/animal/chick.webp","01-runtime-3d/animal/chick.webp","chick.webp","webp","4710","2c6d9492254f6678a19d3b1eae708de7d5fad146b5baf9f0dcdb3b98f8bdef47"
"runtime-3d","current-app-3d","src/assets/3d/animal/dog.webp","01-runtime-3d/animal/dog.webp","dog.webp","webp","6932","3ab5a732831a9e3d3162d910751e118ee142e6b0e6624e292647af01a6507c63"
"runtime-3d","current-app-3d","src/assets/3d/animal/fox.webp","01-runtime-3d/animal/fox.webp","fox.webp","webp","8520","ab5ba85dac9cebbee9eaf8a30f91e5a644c08e8f2be1594f56312806bba4ba83"
"runtime-3d","current-app-3d","src/assets/3d/animal/panda.webp","01-runtime-3d/animal/panda.webp","panda.webp","webp","6250","038ac21944bb0f19d3ab98b4f657c2e3fd6b8051c5ebe94a3fff79f5d5f6113a"
"runtime-3d","current-app-3d","src/assets/3d/animal/rabbit.webp","01-runtime-3d/animal/rabbit.webp","rabbit.webp","webp","5362","6f3fedd0f620abbf0a9712df974f216f77adc90f7411186338c6fcfc93bcece8"
"runtime-3d","current-app-3d","src/assets/3d/animal/tiger.webp","01-runtime-3d/animal/tiger.webp","tiger.webp","webp","8522","ad35fa7b70c85357d88cde263231da9803466bf935a241a0e15f70ad7e6a28f2"
"runtime-3d","current-app-3d","src/assets/3d/category/art.webp","01-runtime-3d/category/art.webp","art.webp","webp","9364","39c44687f2e624f399229f376ae844b87ad45cc2d5ac6658bf1dac0edada6f60"
"runtime-3d","current-app-3d","src/assets/3d/category/family.webp","01-runtime-3d/category/family.webp","family.webp","webp","10014","ea412c0e5b700a65007e45de7d207ebdccab2e713600d2cc419596014469a86c"
"runtime-3d","current-app-3d","src/assets/3d/category/friend.webp","01-runtime-3d/category/friend.webp","friend.webp","webp","10114","182e52a5ed91773306babc3391c1e1801b3bdbb02790f647814b5ef424cf4aed"
"runtime-3d","current-app-3d","src/assets/3d/category/hobby.webp","01-runtime-3d/category/hobby.webp","hobby.webp","webp","4864","53a0186de8861918a563834dfe5ff06c1c0cdb20caf3f30b635b538ec872b97a"
"runtime-3d","current-app-3d","src/assets/3d/category/music.webp","01-runtime-3d/category/music.webp","music.webp","webp","4384","d4e88173b9a1ec374c18af8ed7cb0ad712c020c94ae796ca28f64f98300c08ec"
"runtime-3d","current-app-3d","src/assets/3d/category/other.webp","01-runtime-3d/category/other.webp","other.webp","webp","2672","a4a742fc2f4fb3e6a5f72b904f90384df083bbb99bce95364c067613625dd643"
"runtime-3d","current-app-3d","src/assets/3d/category/piano.webp","01-runtime-3d/category/piano.webp","piano.webp","webp","10094","ca70d9fc52427410cd573224306c7cba45578567cdebe1b7fdecad79a01c024f"
"runtime-3d","current-app-3d","src/assets/3d/category/school.webp","01-runtime-3d/category/school.webp","school.webp","webp","5366","a2b8d55f77069d032413a4c5521f350b9489e8599cda5425603802a7eda1dca8"
"runtime-3d","current-app-3d","src/assets/3d/category/soccer.webp","01-runtime-3d/category/soccer.webp","soccer.webp","webp","8312","87e5e79752ce28af07c6ec023f0a4161ee36c6eda071ddf52692b1d4087d6131"
"runtime-3d","current-app-3d","src/assets/3d/category/sports.webp","01-runtime-3d/category/sports.webp","sports.webp","webp","3898","7df2060bda7fffc7db870735bd45791975a84840f32794d07f65c65e94faf1e3"
"runtime-3d","current-app-3d","src/assets/3d/category/study.webp","01-runtime-3d/category/study.webp","study.webp","webp","6556","246661141c60fc856724779d38f51b1f6cc9856ce42807b9755534e9fb5ea7f0"
"runtime-3d","current-app-3d","src/assets/3d/category/swim.webp","01-runtime-3d/category/swim.webp","swim.webp","webp","7322","9a385c3888dff07d77b1da5c3a6ccfb8620ed7fa4e82998db6c81610ecc81d85"
"runtime-3d","current-app-3d","src/assets/3d/category/taekwondo.webp","01-runtime-3d/category/taekwondo.webp","taekwondo.webp","webp","11306","a04243a1ab8065373939f1cb5a305209248637a51634680121acb41e6a1cc493"
"runtime-3d","current-app-3d","src/assets/3d/family/dad.webp","01-runtime-3d/family/dad.webp","dad.webp","webp","8786","e7acfe003b77d4e239b6adef38d8ac753c59176d878b30219369e786ff9f7db8"
"runtime-3d","current-app-3d","src/assets/3d/family/daughter.webp","01-runtime-3d/family/daughter.webp","daughter.webp","webp","8830","2bdad78163c66ad98f3d10d48718139034760d3f2ce0ec6995200439b749edc7"
"runtime-3d","current-app-3d","src/assets/3d/family/mom.webp","01-runtime-3d/family/mom.webp","mom.webp","webp","10184","9f63ab7e078cd1388737f764de5cd226c6bdf9603983bc54ce05de2ff4b8f2f2"
"runtime-3d","current-app-3d","src/assets/3d/family/son.webp","01-runtime-3d/family/son.webp","son.webp","webp","8074","e302d78008ede554ce4fed7cb88cd8cd76915827f8a1cb9f34f83f39dee753da"
"runtime-3d","current-app-3d","src/assets/3d/header/diary.webp","01-runtime-3d/header/diary.webp","diary.webp","webp","12954","4998a0771f6aa9db845504754b95d159ba404ab4563b69ac8096347a7859b81a"
"runtime-3d","current-app-3d","src/assets/3d/header/sad.webp","01-runtime-3d/header/sad.webp","sad.webp","webp","10910","8d6fd52b6cd80af29007ea0b8562aef826b7baac438d1a781ff2141ca29754b5"
"runtime-3d","current-app-3d","src/assets/3d/header/static.webp","01-runtime-3d/header/static.webp","static.webp","webp","11466","0c3c8f37c38ff9adc03a9379e4b421cbac5826f686acdeafb9b9d8ff118a521d"
"runtime-3d","current-app-3d","src/assets/3d/mascot-status/status-busy.webp","01-runtime-3d/mascot-status/status-busy.webp","status-busy.webp","webp","100256","9650068bc468f70a070169e1f71dda9d9da59f665fca803ad5b580df9af4f464"
"runtime-3d","current-app-3d","src/assets/3d/mascot-status/status-celebrate.webp","01-runtime-3d/mascot-status/status-celebrate.webp","status-celebrate.webp","webp","88030","4130c8b4c8c032de6a9b32446d1e3d154a230921da5ce6d199c244568939a6e6"
"runtime-3d","current-app-3d","src/assets/3d/mascot-status/status-danger.webp","01-runtime-3d/mascot-status/status-danger.webp","status-danger.webp","webp","83164","7c09caf0d5290a04336e26daf6bfbf7a7dee96d91983859a9bff5a68f459053e"
"runtime-3d","current-app-3d","src/assets/3d/mascot-status/status-happy.webp","01-runtime-3d/mascot-status/status-happy.webp","status-happy.webp","webp","73914","523e03e990019e8ce89de1f1cd590220ab6b41097f8154a3038ab64b9f86eb77"
"runtime-3d","current-app-3d","src/assets/3d/mascot-status/status-late.webp","01-runtime-3d/mascot-status/status-late.webp","status-late.webp","webp","56330","a3cb3ec39c07cfd62c9102e27c5bd98503869ec5ac3c8be6aa4466a54467ee36"
"runtime-3d","current-app-3d","src/assets/3d/mascot-status/status-love.webp","01-runtime-3d/mascot-status/status-love.webp","status-love.webp","webp","62266","d0f88c6263c75dad6a9b2bd5b6b10b8a67ae7b50179d92d656504ede1bb207d0"
"runtime-3d","current-app-3d","src/assets/3d/mascot-status/status-pondering.webp","01-runtime-3d/mascot-status/status-pondering.webp","status-pondering.webp","webp","60042","86493a6bd1dbfe5b6f0da5188ea121a83e8c7a64a3da9944270664777fe8fddf"
"runtime-3d","current-app-3d","src/assets/3d/mascot-status/status-sad.webp","01-runtime-3d/mascot-status/status-sad.webp","status-sad.webp","webp","64882","8c6e00d184bc0d8a5669ba71bca9041f966d5c24b96d9a72a28bec8111d7f71f"
"runtime-3d","current-app-3d","src/assets/3d/mascot-status/status-safe.webp","01-runtime-3d/mascot-status/status-safe.webp","status-safe.webp","webp","60540","35edeb9a9bc865d31e6c9cfe9ba173a633602281946b34b67117f86091b2a3f4"
"runtime-3d","current-app-3d","src/assets/3d/mascot-status/status-scheduled.webp","01-runtime-3d/mascot-status/status-scheduled.webp","status-scheduled.webp","webp","66300","db4c2c3e97bc2c49da01409f41a356f03a6f08ace1408a87124a28db721db726"
"runtime-3d","current-app-3d","src/assets/3d/mascot/cheer.webp","01-runtime-3d/mascot/cheer.webp","cheer.webp","webp","11284","5e82f28769f3b396c14c9971b2a06884e42310544c326ff45fb4f8ef71d360e4"
"runtime-3d","current-app-3d","src/assets/3d/mascot/diary.webp","01-runtime-3d/mascot/diary.webp","diary.webp","webp","11232","dee8719ee05c51148828bf19947a82e121a8cb9a10c0f48a74d97c079c04a308"
"runtime-3d","current-app-3d","src/assets/3d/mascot/family-hyeni.webp","01-runtime-3d/mascot/family-hyeni.webp","family-hyeni.webp","webp","11574","26a02d417c188391cd523ef362d9d23fc707131a1a8c453d03b48931eb5d5157"
"runtime-3d","current-app-3d","src/assets/3d/mascot/family.webp","01-runtime-3d/mascot/family.webp","family.webp","webp","15964","db95214d22129282c86a6e853bf3ebced04cbc47fdeb6c941f36482049e4db52"
"runtime-3d","current-app-3d","src/assets/3d/mascot/phone.webp","01-runtime-3d/mascot/phone.webp","phone.webp","webp","79920","6b8eee2a31ca3f1950cc527d44d2b4f661372ea4bc32bf632d10ec77b93cf82b"
"runtime-3d","current-app-3d","src/assets/3d/mascot/sad.webp","01-runtime-3d/mascot/sad.webp","sad.webp","webp","10288","959c047e4745a10ec73d7c1ee6ff9bca1abc123d0fd9a966964fd76320ea4a1b"
"runtime-3d","current-app-3d","src/assets/3d/mascot/static.webp","01-runtime-3d/mascot/static.webp","static.webp","webp","41602","f9e288e6606c429ab55d7d83627ad19def6ef3a187d24802b31865ccd362a807"
"runtime-3d","current-app-3d","src/assets/3d/mascot/teacher-glasses.webp","01-runtime-3d/mascot/teacher-glasses.webp","teacher-glasses.webp","webp","27628","fcd8e8512ccb5e4671224dad22b13362d8cc93c955f5357ac8a8e3ff9898f56c"
"runtime-3d","current-app-3d","src/assets/3d/mascot/thinking.webp","01-runtime-3d/mascot/thinking.webp","thinking.webp","webp","8694","429ed77c547b5e4a1224e6d0952b8a04ae1b692c4e81d5721f257544e70e7907"
"runtime-3d","current-app-3d","src/assets/3d/mascot/wave.webp","01-runtime-3d/mascot/wave.webp","wave.webp","webp","44546","cbc2f5cfe6590e44e84aa2ed9e207b7ea754f81a36152fba2dfa422a87422db0"
"runtime-3d","current-app-3d","src/assets/3d/mascot/wink-star.webp","01-runtime-3d/mascot/wink-star.webp","wink-star.webp","webp","12670","f10bf98f776738ccc0d6cb1e6571a52107fd70ea314d5813260c6ba64354eab6"
"runtime-3d","current-app-3d","src/assets/3d/sticker/praise-basic.webp","01-runtime-3d/sticker/praise-basic.webp","praise-basic.webp","webp","32544","94efb7e62e977799753bd03f85eb91f63465914eecc7668d4dac5874ac839228"
"runtime-3d","current-app-3d","src/assets/3d/sticker/praise-best.webp","01-runtime-3d/sticker/praise-best.webp","praise-best.webp","webp","36946","c5cf473044f1b3b4877882b5f3e4459987393a744dae5e68a88fdbdc732906dd"
"runtime-3d","current-app-3d","src/assets/3d/sticker/praise-brave.webp","01-runtime-3d/sticker/praise-brave.webp","praise-brave.webp","webp","27788","e37540207b718e267151261ad98d9bf56f065029ca0ad452c58690fdf9116dd7"
"runtime-3d","current-app-3d","src/assets/3d/sticker/praise-cool.webp","01-runtime-3d/sticker/praise-cool.webp","praise-cool.webp","webp","29996","63ed1a0e7ce910c3aefb362d36bace8e0fc3f0099546364a788cd3ec401acf01"
"runtime-3d","current-app-3d","src/assets/3d/sticker/praise-early-arrival.webp","01-runtime-3d/sticker/praise-early-arrival.webp","praise-early-arrival.webp","webp","31972","5fd1012d72a84d872bb008d386926556db1134a6f44c01af7edd1dd3fb8cf0d2"
"runtime-3d","current-app-3d","src/assets/3d/sticker/praise-friend.webp","01-runtime-3d/sticker/praise-friend.webp","praise-friend.webp","webp","26646","08b880c681afb8dc1ab23d03048febc6868e72ffb4e7510a97a7669450da9716"
"runtime-3d","current-app-3d","src/assets/3d/sticker/praise-late-arrival.webp","01-runtime-3d/sticker/praise-late-arrival.webp","praise-late-arrival.webp","webp","29000","8a3bf64c23dbf5e1ed75059fc9abf8b2525fa6cb3565057b466ec8ce5f3f7071"
"runtime-3d","current-app-3d","src/assets/3d/sticker/praise-love.webp","01-runtime-3d/sticker/praise-love.webp","praise-love.webp","webp","32740","1e96115b57e87f95da3f656dcf257a4b673088be91d99f3edbb3b8b9f11cbca0"
"runtime-3d","current-app-3d","src/assets/3d/sticker/praise-on-time-arrival.webp","01-runtime-3d/sticker/praise-on-time-arrival.webp","praise-on-time-arrival.webp","webp","39676","fd8da9bc56a29089627a2a4767af67132d9b056a361f606fd1059854f6b805ec"
"runtime-3d","current-app-3d","src/assets/3d/sticker/praise-play.webp","01-runtime-3d/sticker/praise-play.webp","praise-play.webp","webp","25762","4dd7b06f0a56eeb91aa4389fde12949e3360ddb575027b68bf18f1f6116799f7"
"runtime-3d","current-app-3d","src/assets/3d/sticker/praise-ready.webp","01-runtime-3d/sticker/praise-ready.webp","praise-ready.webp","webp","28906","9d99556b89528179b72a73b4a5f4ac5d606bb7b32ff4fc94577a2b2aaf3fbed3"
"runtime-3d","current-app-3d","src/assets/3d/sticker/praise-rest.webp","01-runtime-3d/sticker/praise-rest.webp","praise-rest.webp","webp","32910","64095fe06cf19478dd6ad67f745a32ff178782b5f8e2f02088b20be249ca9664"
"runtime-3d","current-app-3d","src/assets/3d/sticker/praise-self.webp","01-runtime-3d/sticker/praise-self.webp","praise-self.webp","webp","27610","0ae30848066ee6755ff3d697defcd454858e7222e9c0a3000c810f2cdefdf8b3"
"runtime-3d","current-app-3d","src/assets/3d/sticker/praise-sports.webp","01-runtime-3d/sticker/praise-sports.webp","praise-sports.webp","webp","47876","3de1930e87a1a365b399c738a4dc4510d4d43991157916c4dd4cc79b8cb3253f"
"runtime-3d","current-app-3d","src/assets/3d/sticker/praise-study.webp","01-runtime-3d/sticker/praise-study.webp","praise-study.webp","webp","31956","f6c3b0b311b5a02c39df3f1adfb9f7fc64499f5d9fd91db1654488dc038c79f1"
"runtime-3d","current-app-3d","src/assets/3d/ui/back.webp","01-runtime-3d/ui/back.webp","back.webp","webp","1892","02aa6cea2ec4cf7fc05f2c61968ec2773783f6ecc3428baf1e491fef62a70c53"
"runtime-3d","current-app-3d","src/assets/3d/ui/battery.webp","01-runtime-3d/ui/battery.webp","battery.webp","webp","13146","5b699c950773fd759bfc5a1a308be9978dd8a49e90667622ab8e74901742ca37"
"runtime-3d","current-app-3d","src/assets/3d/ui/bell-off.webp","01-runtime-3d/ui/bell-off.webp","bell-off.webp","webp","21584","7b60b9ad6bc752a37ddcf144d46851cc0688cc7870f23f7e081a4f92106cb547"
"runtime-3d","current-app-3d","src/assets/3d/ui/bell.webp","01-runtime-3d/ui/bell.webp","bell.webp","webp","10782","51ebe8f717f8e74dc3b58bd64232d24bb601d9c63d81143f1789443f4ca6ae78"
"runtime-3d","current-app-3d","src/assets/3d/ui/broadcast.webp","01-runtime-3d/ui/broadcast.webp","broadcast.webp","webp","27120","6f114f61cc7ad7589bae5489cb6616c7d8729b0c524abc51aa9164666c47dc02"
"runtime-3d","current-app-3d","src/assets/3d/ui/bunny.svg","01-runtime-3d/ui/bunny.svg","bunny.svg","svg","1995","4a46df5a10c74e5d818eacaa4e00346a51ac78669056d9761963341b945bd812"
"runtime-3d","current-app-3d","src/assets/3d/ui/calendar-check.webp","01-runtime-3d/ui/calendar-check.webp","calendar-check.webp","webp","12896","39cf3f9a883fdc96c9a1223fbb5e0e25daeafb9242f717ac2e1429a61df1d143"
"runtime-3d","current-app-3d","src/assets/3d/ui/calendar-heart.webp","01-runtime-3d/ui/calendar-heart.webp","calendar-heart.webp","webp","20698","27a8a9b8b6a0fd4840c06f6eb3565f1cf95711ce2e21215018ccab3fd0ce4809"
"runtime-3d","current-app-3d","src/assets/3d/ui/camera-rose.webp","01-runtime-3d/ui/camera-rose.webp","camera-rose.webp","webp","46408","8fe251f4abb323a56dd5df53c2885afb7d69f8984921b27e37493bf3a751c666"
"runtime-3d","current-app-3d","src/assets/3d/ui/camera.webp","01-runtime-3d/ui/camera.webp","camera.webp","webp","18124","09aaab3ed222e8b3b0f4b6852deebce657d3423d8e9b8fda5acf7fdd37afdb88"
"runtime-3d","current-app-3d","src/assets/3d/ui/chat-heart.webp","01-runtime-3d/ui/chat-heart.webp","chat-heart.webp","webp","3024","39b3178bebf8d870a7748cec5add43b6b75c78d30402761e0c917d15f99c8d51"
"runtime-3d","current-app-3d","src/assets/3d/ui/check.webp","01-runtime-3d/ui/check.webp","check.webp","webp","1250","8277342d0e4b392873eed0bbfb645814495a4a57b42c6da5c368f426efbfdcdc"
"runtime-3d","current-app-3d","src/assets/3d/ui/clock.webp","01-runtime-3d/ui/clock.webp","clock.webp","webp","22776","a4c1dfe71e56a90897d5924523551e5400df14a8d9709c26f2497fcad301175d"
"runtime-3d","current-app-3d","src/assets/3d/ui/close.webp","01-runtime-3d/ui/close.webp","close.webp","webp","2684","e2636730a0ef2cfe759f5477d37bc17115998c3584dc73f7a7fed5b0867a85c6"
"runtime-3d","current-app-3d","src/assets/3d/ui/clover.webp","01-runtime-3d/ui/clover.webp","clover.webp","webp","4372","dc70b497a51786e207122102d0400a42774195dd92a34489ef1ca8757b756ce8"
"runtime-3d","current-app-3d","src/assets/3d/ui/crown-badge.webp","01-runtime-3d/ui/crown-badge.webp","crown-badge.webp","webp","4060","402373b3d0164932522cdbdc2730045bb6d85406ab96c48fe10f652e347668fb"
"runtime-3d","current-app-3d","src/assets/3d/ui/crown.webp","01-runtime-3d/ui/crown.webp","crown.webp","webp","5028","ff38dadb577472884eb6dd1eb70a2e5a0faa91244b20c011705ca78ccd92276a"
"runtime-3d","current-app-3d","src/assets/3d/ui/friend-pair.webp","01-runtime-3d/ui/friend-pair.webp","friend-pair.webp","webp","9550","05744ea7a551f2f68c67f685bed2b29304f0efc89f675855e3f5b7e362c51d84"
"runtime-3d","current-app-3d","src/assets/3d/ui/gift.webp","01-runtime-3d/ui/gift.webp","gift.webp","webp","4598","ac42f96d74dcf5ce9a9108822cc2ad0246c8596ad6ff58d5cfa7f4d946fa8466"
"runtime-3d","current-app-3d","src/assets/3d/ui/heart.webp","01-runtime-3d/ui/heart.webp","heart.webp","webp","13460","a98e2a1b42bea29ac703580691ec8b21b6cc2aa658a207bb825ee7e6683f20fd"
"runtime-3d","current-app-3d","src/assets/3d/ui/lightning.webp","01-runtime-3d/ui/lightning.webp","lightning.webp","webp","17676","7e0e5b85b330c067c1442d2acb88c80f1699f78914859b9694119416242c2529"
"runtime-3d","current-app-3d","src/assets/3d/ui/megaphone.webp","01-runtime-3d/ui/megaphone.webp","megaphone.webp","webp","2696","3e2108272f2b7f512ba1da5fc2a97d8d20a645e3720b670653fa9f5aaa92da52"
"runtime-3d","current-app-3d","src/assets/3d/ui/menu-ai-schedule.webp","01-runtime-3d/ui/menu-ai-schedule.webp","menu-ai-schedule.webp","webp","29690","1a27cade9dc46d261e484ee8e3b6dc84399a22d1d6ee5e18e8f253350cee5d7f"
"runtime-3d","current-app-3d","src/assets/3d/ui/menu-child-tracker.webp","01-runtime-3d/ui/menu-child-tracker.webp","menu-child-tracker.webp","webp","24094","f5673ace209dbaccae5b83910de7fbde4a8574020e650f74aa099b9dbc5da4e4"
"runtime-3d","current-app-3d","src/assets/3d/ui/menu-friend-playdate.webp","01-runtime-3d/ui/menu-friend-playdate.webp","menu-friend-playdate.webp","webp","25924","61290fb5c9fffbf1cbba971e84cfaf93e75dfb9ce8d9de08c63af39f8eed9c4b"
"runtime-3d","current-app-3d","src/assets/3d/ui/menu-place-manager.webp","01-runtime-3d/ui/menu-place-manager.webp","menu-place-manager.webp","webp","33762","3489b0cd7084fda33c87df908d1cb62a6e832cdca29ae078f50893c08da74421"
"runtime-3d","current-app-3d","src/assets/3d/ui/menu-remote-audio.webp","01-runtime-3d/ui/menu-remote-audio.webp","menu-remote-audio.webp","webp","31648","a3a7ade3bf59edbd3735b82d71d4224ecdd620ea5e51028180d178aa8cae82ab"
"runtime-3d","current-app-3d","src/assets/3d/ui/menu-sticker.webp","01-runtime-3d/ui/menu-sticker.webp","menu-sticker.webp","webp","32300","0ef42c13fe16e898d77ab8a89f03ecec69feca19650c28d7501f48db11e2a330"
"runtime-3d","current-app-3d","src/assets/3d/ui/menu-subscription.webp","01-runtime-3d/ui/menu-subscription.webp","menu-subscription.webp","webp","25956","e56667573b2811531754d101b5817b10ad43f9d1c859d19917a1c4c2d2694e52"
"runtime-3d","current-app-3d","src/assets/3d/ui/mic-lavender.webp","01-runtime-3d/ui/mic-lavender.webp","mic-lavender.webp","webp","32698","c9024bdf0312a537b9a2f5e712fb336b6b3d217a31e18add0eb9f201f484b8be"
"runtime-3d","current-app-3d","src/assets/3d/ui/note.webp","01-runtime-3d/ui/note.webp","note.webp","webp","5086","cbe2e5a6de2d7b999632859507bca0e54bda6dfafc76a1c67fb66b6f3260ea7b"
"runtime-3d","current-app-3d","src/assets/3d/ui/palette.svg","01-runtime-3d/ui/palette.svg","palette.svg","svg","1799","8b7b05fe2060071ff25d716060341eb9fb7a0c04a20f68632168bacac8ef1bc2"
"runtime-3d","current-app-3d","src/assets/3d/ui/parent-dad.webp","01-runtime-3d/ui/parent-dad.webp","parent-dad.webp","webp","49640","f9e96ee0e882615187cfdcc1549bc0c28d6f26d14df37f53d8433ac57e1d9a39"
"runtime-3d","current-app-3d","src/assets/3d/ui/parent-mom.webp","01-runtime-3d/ui/parent-mom.webp","parent-mom.webp","webp","52366","36b2225fc359b4967c4b372bc3f1b79ecca32a7787f93ff3c916d725ea3c9fb0"
"runtime-3d","current-app-3d","src/assets/3d/ui/pencil-mint.webp","01-runtime-3d/ui/pencil-mint.webp","pencil-mint.webp","webp","26608","c7898dd4a2e639246481fd11b120b701331734abf926afae134f3d2c2ef136ae"
"runtime-3d","current-app-3d","src/assets/3d/ui/phone-lavender.webp","01-runtime-3d/ui/phone-lavender.webp","phone-lavender.webp","webp","4710","e32ea9f2998a5640e9f93a73915ce53471f5eaf49a2db86187822c3a99cb02b1"
"runtime-3d","current-app-3d","src/assets/3d/ui/pin-heart.webp","01-runtime-3d/ui/pin-heart.webp","pin-heart.webp","webp","5450","637f3e396c1448ecbfdcbc40f4719c3ab83240a4f75e0d8f71b9b9e8817eef9e"
"runtime-3d","current-app-3d","src/assets/3d/ui/pin-lavender.webp","01-runtime-3d/ui/pin-lavender.webp","pin-lavender.webp","webp","3326","6584ce27494a59ab83b873d678ad68079c2b6ed4a96cb8f88109993216b70854"
"runtime-3d","current-app-3d","src/assets/3d/ui/pin.webp","01-runtime-3d/ui/pin.webp","pin.webp","webp","12528","2fb77c629f5525de03803a6c1de11f7c2b745e21f91882b37951faf7fc7d1b7a"
"runtime-3d","current-app-3d","src/assets/3d/ui/place-academy.webp","01-runtime-3d/ui/place-academy.webp","place-academy.webp","webp","33384","a81b5b386c817d5c093b916f04aea8035edccc1bc7f5dcf04261760f728c3d3d"
"runtime-3d","current-app-3d","src/assets/3d/ui/place-caution.webp","01-runtime-3d/ui/place-caution.webp","place-caution.webp","webp","26830","551c99d179c4485fda48adadba383995949efb12574696d8088f2d2fd77899b3"
"runtime-3d","current-app-3d","src/assets/3d/ui/place-frequent.webp","01-runtime-3d/ui/place-frequent.webp","place-frequent.webp","webp","33762","3489b0cd7084fda33c87df908d1cb62a6e832cdca29ae078f50893c08da74421"
"runtime-3d","current-app-3d","src/assets/3d/ui/place-home.webp","01-runtime-3d/ui/place-home.webp","place-home.webp","webp","27132","c595c1cd62b8b3eb813135a05606a694378a1b2a7da5647ad6679f7ac18f2fbe"
"runtime-3d","current-app-3d","src/assets/3d/ui/plus.webp","01-runtime-3d/ui/plus.webp","plus.webp","webp","2308","dbea7f8a61511432ec3742402ee955de14d0b553cd5530f543064f4d5d792dc2"
"runtime-3d","current-app-3d","src/assets/3d/ui/rainbow.webp","01-runtime-3d/ui/rainbow.webp","rainbow.webp","webp","6470","a1d440b2e0bf4ccc45413090ff80db043fd0f5585cb79ed8ee44aac5d9b1c979"
"runtime-3d","current-app-3d","src/assets/3d/ui/refresh.webp","01-runtime-3d/ui/refresh.webp","refresh.webp","webp","4750","e3d0b13236d637ee1db2d246d201268b3b10f2d1b2423189fd06e69c5ad9c720"
"runtime-3d","current-app-3d","src/assets/3d/ui/safety-mascot.webp","01-runtime-3d/ui/safety-mascot.webp","safety-mascot.webp","webp","6672","836144ac5881f26c8a42dc75ad477f47f4f354af25f57c577515cc8960341bc5"
"runtime-3d","current-app-3d","src/assets/3d/ui/school.webp","01-runtime-3d/ui/school.webp","school.webp","webp","16912","27338d3cba494659d1745095e99024359effd65b8be907b8eb3d25522615cbc3"
"runtime-3d","current-app-3d","src/assets/3d/ui/search.webp","01-runtime-3d/ui/search.webp","search.webp","webp","4036","10de70ebf06a4a47297e549c187ab9199ee77594a6b272e58001953174cd09fe"
"runtime-3d","current-app-3d","src/assets/3d/ui/send.webp","01-runtime-3d/ui/send.webp","send.webp","webp","3430","c04c79c74bda423f335a40ee9068dcd34325f20b6418acb0e0d7c3a1ef964756"
"runtime-3d","current-app-3d","src/assets/3d/ui/settings-ai.svg","01-runtime-3d/ui/settings-ai.svg","settings-ai.svg","svg","1260","697c88ab8f5c74fa23c797a9c80a84199d81a113a9ffb601b8dbe200fd4d14cb"
"runtime-3d","current-app-3d","src/assets/3d/ui/settings-credit.svg","01-runtime-3d/ui/settings-credit.svg","settings-credit.svg","svg","1143","41f23055ca10217a637ed76408611ebe6e2f8c3a09d56ae7de2cbd647795fa14"
"runtime-3d","current-app-3d","src/assets/3d/ui/settings-download.svg","01-runtime-3d/ui/settings-download.svg","settings-download.svg","svg","979","6e50bf464dfb1347997be056dc75b55e9435b51b8bcbed4d6001517cd590a583"
"runtime-3d","current-app-3d","src/assets/3d/ui/settings-faq.svg","01-runtime-3d/ui/settings-faq.svg","settings-faq.svg","svg","1094","469f77cc912c6c0be6673be4d94ef3d9e59a9d4f21cf4637e7eaca7769cf77ca"
"runtime-3d","current-app-3d","src/assets/3d/ui/settings-logout.svg","01-runtime-3d/ui/settings-logout.svg","settings-logout.svg","svg","1071","75c8e9fc81967bd1b6450c0c1d2f2f037e861e4f012b64b5bafc3eede662fbaf"
"runtime-3d","current-app-3d","src/assets/3d/ui/settings-mail.svg","01-runtime-3d/ui/settings-mail.svg","settings-mail.svg","svg","1437","d92eafc7718b2b517b2b78d113d4e9d2ff86c851acdd7a11f3c86778c92eba9a"
"runtime-3d","current-app-3d","src/assets/3d/ui/settings-trash.svg","01-runtime-3d/ui/settings-trash.svg","settings-trash.svg","svg","1088","4401a7d278e72fff4c8c4a5cd2478c5be77a889316ca1d83aee826292f96293d"
"runtime-3d","current-app-3d","src/assets/3d/ui/settings-unlink.svg","01-runtime-3d/ui/settings-unlink.svg","settings-unlink.svg","svg","1374","59a303f910b1b514d22779e0dc52ef4d4b75ace59c89cde49b68150cc3c95c5c"
"runtime-3d","current-app-3d","src/assets/3d/ui/settings.webp","01-runtime-3d/ui/settings.webp","settings.webp","webp","5180","676144044fbcc14d6f9a49f4012af776905f0569ad37448c197d6e6bd8302c2e"
"runtime-3d","current-app-3d","src/assets/3d/ui/shield-heart.webp","01-runtime-3d/ui/shield-heart.webp","shield-heart.webp","webp","3586","5ce96087e985875ae3c6af89730e2dbff060fc9fa0f0e527859a11481c5fce57"
"runtime-3d","current-app-3d","src/assets/3d/ui/shield.webp","01-runtime-3d/ui/shield.webp","shield.webp","webp","14184","7d640ee40db5ccf0df88b33907f28f5eeea5fc12509ff21076af18a7272b6be9"
"runtime-3d","current-app-3d","src/assets/3d/ui/sos-floating.svg","01-runtime-3d/ui/sos-floating.svg","sos-floating.svg","svg","4252","266bda52c26412eb0f0199fa072e0b40e6fced4c98c656357485c80e06042caa"
"runtime-3d","current-app-3d","src/assets/3d/ui/sos-shield.webp","01-runtime-3d/ui/sos-shield.webp","sos-shield.webp","webp","9734","5ec557591a6e12da9d60f433c20175549b187465f2b5020a03d6755f9a4a7096"
"runtime-3d","current-app-3d","src/assets/3d/ui/sparkle.webp","01-runtime-3d/ui/sparkle.webp","sparkle.webp","webp","29216","f60b9f6f7b7c90032d8f021f1e61f97f9aeb36fe7a4da195b2485fce736da029"
"runtime-3d","current-app-3d","src/assets/3d/ui/star-face.webp","01-runtime-3d/ui/star-face.webp","star-face.webp","webp","4312","428358410853d09f3ec0ec36b2a98f521c90fc50860a139bf68843ab493c5ac3"
"runtime-3d","current-app-3d","src/assets/3d/ui/star-medal.webp","01-runtime-3d/ui/star-medal.webp","star-medal.webp","webp","4942","9e643bab7dd60816905ebf97113ba22d66c58493c0a6771108cf804f05406a8b"
"runtime-3d","current-app-3d","src/assets/3d/ui/warning.webp","01-runtime-3d/ui/warning.webp","warning.webp","webp","17288","c424289489b3ef241c6f191b885eeea4983aef69bad1f9d4bced816b0a9f09c4"
"runtime-3d","current-app-3d","src/assets/3d/ui/wifi.svg","01-runtime-3d/ui/wifi.svg","wifi.svg","svg","1440","73ce969a0fea55cb4a482a4082a552d6b9441a3e55a2b65de7c3a3ceb265427b"
"runtime-brand","legacy-mascot-svg","src/assets/mascot/hyeni-static.svg","02-runtime-brand/mascot-svg/hyeni-static.svg","hyeni-static.svg","svg","1070","1fd9158bc480d2da430d42a6f489a2708259884abba79f8be644801ef18314a0"
"runtime-brand","legacy-mascot-svg","src/assets/mascot/hyeni-wave.svg","02-runtime-brand/mascot-svg/hyeni-wave.svg","hyeni-wave.svg","svg","1700","fabf3cb3d04d09b94c34b00b0cf5f7bd44323cef2e9a0396ab483d70d94e980b"
"runtime-brand","logo-fallback","src/assets/new_logo.webp","02-runtime-brand/new_logo.webp","new_logo.webp","webp","38020","4498224242baf34b8580b5f63076e1fd05c30f0a98e32518a714823c6c4423fd"
"runtime-brand","template-leftover","src/assets/react.svg","02-runtime-brand/react.svg","react.svg","svg","4126","35ef61ed53b323ae94a16a8ec659b3d0af3880698791133f23b084085ab1c2e5"
"source-sheets","raw-extracted","src/stitch/extracted/0c425136-2272-4ef3-93b1-2f8a0bbd7958.png","08-source-sheets/raw-extracted/0c425136-2272-4ef3-93b1-2f8a0bbd7958.png","0c425136-2272-4ef3-93b1-2f8a0bbd7958.png","png","981526","ec034b8ea0ed2b1ee401bfea8c24fc8db89fbc3ca1f4a60a593834d2bb1c7e77"
"source-sheets","raw-extracted","src/stitch/extracted/ChatGPT Image 2026년 5월 10일 오전 01_02_46 (1).png","08-source-sheets/raw-extracted/ChatGPT Image 2026년 5월 10일 오전 01_02_46 (1).png","ChatGPT Image 2026년 5월 10일 오전 01_02_46 (1).png","png","1788610","8cef02fd58ccc77c879fd4fd34bb1e65b91d8613821ce44cc8b6a8d3413514f5"
"source-sheets","raw-extracted","src/stitch/extracted/ChatGPT Image 2026년 5월 10일 오전 01_02_46 (10).png","08-source-sheets/raw-extracted/ChatGPT Image 2026년 5월 10일 오전 01_02_46 (10).png","ChatGPT Image 2026년 5월 10일 오전 01_02_46 (10).png","png","1583208","6baa1d49edee627a1f7a5d18e69c7c8acb432c4daaf4bcc72f86d75815436bba"
"source-sheets","raw-extracted","src/stitch/extracted/ChatGPT Image 2026년 5월 10일 오전 01_02_46 (2).png","08-source-sheets/raw-extracted/ChatGPT Image 2026년 5월 10일 오전 01_02_46 (2).png","ChatGPT Image 2026년 5월 10일 오전 01_02_46 (2).png","png","1444629","d76c63fcb42fd2d7ad96aa8c76bb316b231cd45c90ae85204c769a948583ecd0"
"source-sheets","raw-extracted","src/stitch/extracted/ChatGPT Image 2026년 5월 10일 오전 01_02_46 (3).png","08-source-sheets/raw-extracted/ChatGPT Image 2026년 5월 10일 오전 01_02_46 (3).png","ChatGPT Image 2026년 5월 10일 오전 01_02_46 (3).png","png","1461517","980d12e93a17aa9a744f1220f03f52c0c3ced89098f5542ee0de1b8d51beb0b9"
"source-sheets","raw-extracted","src/stitch/extracted/ChatGPT Image 2026년 5월 10일 오전 01_02_46 (4).png","08-source-sheets/raw-extracted/ChatGPT Image 2026년 5월 10일 오전 01_02_46 (4).png","ChatGPT Image 2026년 5월 10일 오전 01_02_46 (4).png","png","1172641","ded8f69af7032a40e4e406be9d71fc200fb32eabcdcd7ce52630084239141aaf"
"source-sheets","raw-extracted","src/stitch/extracted/ChatGPT Image 2026년 5월 10일 오전 01_02_46 (5).png","08-source-sheets/raw-extracted/ChatGPT Image 2026년 5월 10일 오전 01_02_46 (5).png","ChatGPT Image 2026년 5월 10일 오전 01_02_46 (5).png","png","1773910","ea9f7b7548ecad851d83f95ad937a1ccb2953586061709b5cbcfdcabdb927c65"
"source-sheets","raw-extracted","src/stitch/extracted/ChatGPT Image 2026년 5월 10일 오전 01_02_46 (6).png","08-source-sheets/raw-extracted/ChatGPT Image 2026년 5월 10일 오전 01_02_46 (6).png","ChatGPT Image 2026년 5월 10일 오전 01_02_46 (6).png","png","1335724","adbecface2c1951e5c4d5e478a15f6fc981a5e73d23d1856dcc968a5f8e62031"
"source-sheets","raw-extracted","src/stitch/extracted/ChatGPT Image 2026년 5월 10일 오전 01_02_46 (7).png","08-source-sheets/raw-extracted/ChatGPT Image 2026년 5월 10일 오전 01_02_46 (7).png","ChatGPT Image 2026년 5월 10일 오전 01_02_46 (7).png","png","1364741","be1857a3499a6e00d821e4fa7cc0bd2f892c7a2cadb4a74b229a42163f718987"
"source-sheets","raw-extracted","src/stitch/extracted/ChatGPT Image 2026년 5월 10일 오전 01_02_46 (8).png","08-source-sheets/raw-extracted/ChatGPT Image 2026년 5월 10일 오전 01_02_46 (8).png","ChatGPT Image 2026년 5월 10일 오전 01_02_46 (8).png","png","1246254","6cad6f7dce9ce4422f8202b981d57960f4b59c380a72056a5201bbfefc31efe6"
"source-sheets","raw-extracted","src/stitch/extracted/ChatGPT Image 2026년 5월 10일 오전 01_02_46 (9).png","08-source-sheets/raw-extracted/ChatGPT Image 2026년 5월 10일 오전 01_02_46 (9).png","ChatGPT Image 2026년 5월 10일 오전 01_02_46 (9).png","png","1174878","6a6ba85692f3a0b84c092e48b5b1074da8761467a9770529fe86be23687a3db0"
"source-sheets","raw-extracted","src/stitch/extracted/ChatGPT Image 2026년 5월 21일 오후 02_00_39 (1).png","08-source-sheets/raw-extracted/ChatGPT Image 2026년 5월 21일 오후 02_00_39 (1).png","ChatGPT Image 2026년 5월 21일 오후 02_00_39 (1).png","png","1140475","9b730b3150cdadf8304ef5c608ebf7725904d10c2e8fdedc19f1babcd5bcc3fa"
"source-sheets","raw-extracted","src/stitch/extracted/ChatGPT Image 2026년 5월 21일 오후 02_00_40 (2).png","08-source-sheets/raw-extracted/ChatGPT Image 2026년 5월 21일 오후 02_00_40 (2).png","ChatGPT Image 2026년 5월 21일 오후 02_00_40 (2).png","png","1151823","2243bbd61b747e734b3a9276212b2fd314f81d477368e9f87a8d7d49d0029950"
"source-sheets","raw-extracted","src/stitch/extracted/ChatGPT Image 2026년 5월 21일 오후 02_00_40 (3).png","08-source-sheets/raw-extracted/ChatGPT Image 2026년 5월 21일 오후 02_00_40 (3).png","ChatGPT Image 2026년 5월 21일 오후 02_00_40 (3).png","png","1293678","84afc3cb6e30c8aae1af3fd7f77a4d3277f74a70f5cd5b8b05f4c2dbc857d8d2"
"source-sheets","raw-extracted","src/stitch/extracted/ChatGPT Image 2026년 5월 21일 오후 02_00_40 (4).png","08-source-sheets/raw-extracted/ChatGPT Image 2026년 5월 21일 오후 02_00_40 (4).png","ChatGPT Image 2026년 5월 21일 오후 02_00_40 (4).png","png","1293654","44375384dc54559cd29258185b2918c17c9e7a4cc9fb6156b36769496523f3cc"
"source-sheets","raw-extracted","src/stitch/extracted/ChatGPT Image 2026년 5월 21일 오후 02_00_41 (5).png","08-source-sheets/raw-extracted/ChatGPT Image 2026년 5월 21일 오후 02_00_41 (5).png","ChatGPT Image 2026년 5월 21일 오후 02_00_41 (5).png","png","1103955","2d262476ed6729400883c37cae6bca851f6bbfc15313fb7dd0b89e7229e9c050"
"source-sheets","raw-extracted","src/stitch/extracted/ChatGPT Image 2026년 5월 21일 오후 02_00_41 (6).png","08-source-sheets/raw-extracted/ChatGPT Image 2026년 5월 21일 오후 02_00_41 (6).png","ChatGPT Image 2026년 5월 21일 오후 02_00_41 (6).png","png","1088735","76449bc141a4978cdebd11e3eb3fe9babc927a63c96a14765b38127778a35554"
"source-sheets","raw-extracted","src/stitch/extracted/ChatGPT Image 2026년 5월 21일 오후 02_00_42 (7).png","08-source-sheets/raw-extracted/ChatGPT Image 2026년 5월 21일 오후 02_00_42 (7).png","ChatGPT Image 2026년 5월 21일 오후 02_00_42 (7).png","png","1272405","96fe45ba28be84352bc39be10a1b70bfecf594031dbae3d16ce700beb6972bf9"
"source-sheets","raw-extracted","src/stitch/extracted/ChatGPT Image 2026년 5월 21일 오후 02_00_42 (8).png","08-source-sheets/raw-extracted/ChatGPT Image 2026년 5월 21일 오후 02_00_42 (8).png","ChatGPT Image 2026년 5월 21일 오후 02_00_42 (8).png","png","1125956","d647341fde434434f74ac14516146562fe55adf30010bf9d859699a6e9fd3471"
"source-sheets","raw-extracted","src/stitch/extracted/ChatGPT Image 2026년 5월 21일 오후 02_00_42 (9).png","08-source-sheets/raw-extracted/ChatGPT Image 2026년 5월 21일 오후 02_00_42 (9).png","ChatGPT Image 2026년 5월 21일 오후 02_00_42 (9).png","png","1286993","ffd12bf3819690815a06580bc56cb290f8e588fb868271047d9b7815e217fae7"
"source-sheets","raw-extracted","src/stitch/extracted/ChatGPT Image 2026년 5월 21일 오후 02_00_43 (10).png","08-source-sheets/raw-extracted/ChatGPT Image 2026년 5월 21일 오후 02_00_43 (10).png","ChatGPT Image 2026년 5월 21일 오후 02_00_43 (10).png","png","1150411","92a35c55c9e5368757d8b2d928a34e6ef34e554514f27a7818f6cbbb9f62fb1b"
"source-sheets","raw-extracted","src/stitch/extracted/ChatGPT Image 2026년 5월 21일 오후 02_00_44 (11).png","08-source-sheets/raw-extracted/ChatGPT Image 2026년 5월 21일 오후 02_00_44 (11).png","ChatGPT Image 2026년 5월 21일 오후 02_00_44 (11).png","png","1260388","6deafd0953c76d899ccae3acaab9a7e93a813ef5929b658e49d71f45149c6e3b"
"source-sheets","raw-extracted","src/stitch/extracted/ChatGPT Image 2026년 5월 21일 오후 02_00_44 (12).png","08-source-sheets/raw-extracted/ChatGPT Image 2026년 5월 21일 오후 02_00_44 (12).png","ChatGPT Image 2026년 5월 21일 오후 02_00_44 (12).png","png","1124495","25b64dba1aafcac34367f2e37ce08223c3a427be5f3d16ba6c1950e79b6f2cb0"
"source-sheets","raw-extracted","src/stitch/extracted/ChatGPT Image 2026년 5월 21일 오후 02_00_44 (13).png","08-source-sheets/raw-extracted/ChatGPT Image 2026년 5월 21일 오후 02_00_44 (13).png","ChatGPT Image 2026년 5월 21일 오후 02_00_44 (13).png","png","1231609","5cfda6fa8f666d1728f34993b97b2c54b331e68f46c961dc69f64a84c800ba60"
"source-sheets","raw-extracted","src/stitch/extracted/ChatGPT Image 2026년 5월 21일 오후 04_20_51 (1).png","08-source-sheets/raw-extracted/ChatGPT Image 2026년 5월 21일 오후 04_20_51 (1).png","ChatGPT Image 2026년 5월 21일 오후 04_20_51 (1).png","png","1152436","20fabefb1e992f2ba5a4fb0c45f856e137091a429728d29ac6a2b50a255d5bae"
"source-sheets","raw-extracted","src/stitch/extracted/ChatGPT Image 2026년 5월 21일 오후 04_20_51 (2).png","08-source-sheets/raw-extracted/ChatGPT Image 2026년 5월 21일 오후 04_20_51 (2).png","ChatGPT Image 2026년 5월 21일 오후 04_20_51 (2).png","png","1288242","cf054f9ee3ea62883a3679f7c4ba4a58ce3c4eef414312f827671dc5169f4756"
"source-sheets","raw-extracted","src/stitch/extracted/ChatGPT Image 2026년 5월 21일 오후 04_20_51 (3).png","08-source-sheets/raw-extracted/ChatGPT Image 2026년 5월 21일 오후 04_20_51 (3).png","ChatGPT Image 2026년 5월 21일 오후 04_20_51 (3).png","png","1114450","52cdd06482d42cffa96c2f3d84b8063911f9cbb3f6c5f7ae7abd02e98424423f"
"source-sheets","raw-extracted","src/stitch/extracted/ChatGPT Image 2026년 5월 21일 오후 04_20_51 (4).png","08-source-sheets/raw-extracted/ChatGPT Image 2026년 5월 21일 오후 04_20_51 (4).png","ChatGPT Image 2026년 5월 21일 오후 04_20_51 (4).png","png","1221980","a19977dbb0e9f9b6c6133e5710aef86b77326bb001b02e1e585743983a489e4d"
"source-sheets","raw-extracted","src/stitch/extracted/ChatGPT Image 2026년 5월 21일 오후 04_20_51 (5).png","08-source-sheets/raw-extracted/ChatGPT Image 2026년 5월 21일 오후 04_20_51 (5).png","ChatGPT Image 2026년 5월 21일 오후 04_20_51 (5).png","png","1310118","5839d674e163b4547809eb1d72bc6556d5ae08482c177a526f4be72f4595caa6"
"source-sheets","raw-extracted","src/stitch/extracted/ChatGPT Image 2026년 5월 21일 오후 04_20_51 (6).png","08-source-sheets/raw-extracted/ChatGPT Image 2026년 5월 21일 오후 04_20_51 (6).png","ChatGPT Image 2026년 5월 21일 오후 04_20_51 (6).png","png","1088476","683f708ea1c191e5dcdd28cfc226e21b258aa3346b4c693b2cb4e8dcfe9f91ef"
"source-sheets","raw-extracted","src/stitch/extracted/ChatGPT Image 2026년 5월 21일 오후 04_20_52 (10).png","08-source-sheets/raw-extracted/ChatGPT Image 2026년 5월 21일 오후 04_20_52 (10).png","ChatGPT Image 2026년 5월 21일 오후 04_20_52 (10).png","png","1063298","093a2545550e7d266eab6a7d46491ab2d034e5463574cb93118ebd0e539b8704"
"source-sheets","raw-extracted","src/stitch/extracted/ChatGPT Image 2026년 5월 21일 오후 04_20_52 (7).png","08-source-sheets/raw-extracted/ChatGPT Image 2026년 5월 21일 오후 04_20_52 (7).png","ChatGPT Image 2026년 5월 21일 오후 04_20_52 (7).png","png","1299040","3797f68d9c45571e3b68ac5c09323943fcbaac5a8e418e551b40940bf6e83d05"
"source-sheets","raw-extracted","src/stitch/extracted/ChatGPT Image 2026년 5월 21일 오후 04_20_52 (8).png","08-source-sheets/raw-extracted/ChatGPT Image 2026년 5월 21일 오후 04_20_52 (8).png","ChatGPT Image 2026년 5월 21일 오후 04_20_52 (8).png","png","1302938","00440b183f6bc37956bde4bf71613d177a643215815b166f472893dd57ff68c2"
"source-sheets","raw-extracted","src/stitch/extracted/ChatGPT Image 2026년 5월 21일 오후 04_20_52 (9).png","08-source-sheets/raw-extracted/ChatGPT Image 2026년 5월 21일 오후 04_20_52 (9).png","ChatGPT Image 2026년 5월 21일 오후 04_20_52 (9).png","png","1087004","f0da122f9fae488bf18df0a6ffbb532b57a9d6d5809d9d8916c6e89289ecc638"
"source-sheets","raw-extracted","src/stitch/extracted/ChatGPT Image 2026년 5월 21일 오후 04_26_36 (1).png","08-source-sheets/raw-extracted/ChatGPT Image 2026년 5월 21일 오후 04_26_36 (1).png","ChatGPT Image 2026년 5월 21일 오후 04_26_36 (1).png","png","1327606","fb426b8fa9b823105f49bed0f999b071cb3fcc8da75b7ff23fb3975d447ca370"
"source-sheets","raw-extracted","src/stitch/extracted/ChatGPT Image 2026년 5월 21일 오후 04_26_37 (2).png","08-source-sheets/raw-extracted/ChatGPT Image 2026년 5월 21일 오후 04_26_37 (2).png","ChatGPT Image 2026년 5월 21일 오후 04_26_37 (2).png","png","1342524","6d214a0ef4dcef124a2f799f90c2fffaee4510129c12e48e92ae47d59399fd24"
"source-sheets","raw-extracted","src/stitch/extracted/ChatGPT Image 2026년 5월 21일 오후 04_26_37 (3).png","08-source-sheets/raw-extracted/ChatGPT Image 2026년 5월 21일 오후 04_26_37 (3).png","ChatGPT Image 2026년 5월 21일 오후 04_26_37 (3).png","png","1242318","f3416ddb0ce9ce5ebaaf91104dcb678f4665073a4ee4ebaa5dd566a14bda1c28"
"source-sheets","raw-extracted","src/stitch/extracted/ChatGPT Image 2026년 5월 21일 오후 04_26_37 (4).png","08-source-sheets/raw-extracted/ChatGPT Image 2026년 5월 21일 오후 04_26_37 (4).png","ChatGPT Image 2026년 5월 21일 오후 04_26_37 (4).png","png","1249095","ea356f30847c22af7df31c4e8a618e4bdb4ab0220afde65cb1a1d3f9cdf07518"
"source-sheets","raw-extracted","src/stitch/extracted/ChatGPT Image 2026년 5월 21일 오후 04_26_37 (5).png","08-source-sheets/raw-extracted/ChatGPT Image 2026년 5월 21일 오후 04_26_37 (5).png","ChatGPT Image 2026년 5월 21일 오후 04_26_37 (5).png","png","1336832","3798ea9430ed74740e7d8e2af74e64933496d15e38ae0da774f7610d6e33af9b"
"source-sheets","raw-extracted","src/stitch/extracted/ChatGPT Image 2026년 5월 21일 오후 04_26_37 (6).png","08-source-sheets/raw-extracted/ChatGPT Image 2026년 5월 21일 오후 04_26_37 (6).png","ChatGPT Image 2026년 5월 21일 오후 04_26_37 (6).png","png","1302514","0f9ef0f3d2a2d1b91e5655dc666c02cecc03f8b0e3e8c8921148af29c68587c5"
"source-sheets","raw-extracted","src/stitch/extracted/ChatGPT Image 2026년 5월 21일 오후 04_26_37 (7).png","08-source-sheets/raw-extracted/ChatGPT Image 2026년 5월 21일 오후 04_26_37 (7).png","ChatGPT Image 2026년 5월 21일 오후 04_26_37 (7).png","png","1327352","2028dedf329ca1d6ff458fadde6ad3f58c0b798b99f184300e32b8b1eac18afe"
"source-sheets","raw-extracted","src/stitch/extracted/ChatGPT Image 2026년 5월 21일 오후 04_26_38 (10).png","08-source-sheets/raw-extracted/ChatGPT Image 2026년 5월 21일 오후 04_26_38 (10).png","ChatGPT Image 2026년 5월 21일 오후 04_26_38 (10).png","png","1283427","93b6985c37fd05855fff0519bedfd6308fc067013dc911686434ef4304bb413b"
"source-sheets","raw-extracted","src/stitch/extracted/ChatGPT Image 2026년 5월 21일 오후 04_26_38 (8).png","08-source-sheets/raw-extracted/ChatGPT Image 2026년 5월 21일 오후 04_26_38 (8).png","ChatGPT Image 2026년 5월 21일 오후 04_26_38 (8).png","png","1164993","19cbc9a6a0737293997c203ad3849754c677b60ee28ea1cb1693d988b2877229"
"source-sheets","raw-extracted","src/stitch/extracted/ChatGPT Image 2026년 5월 21일 오후 04_26_38 (9).png","08-source-sheets/raw-extracted/ChatGPT Image 2026년 5월 21일 오후 04_26_38 (9).png","ChatGPT Image 2026년 5월 21일 오후 04_26_38 (9).png","png","1389918","6c4db116b6dd92809d4fbfffd64bd9da0b4d789791a8b3fe0b8a65cfa1b65ee0"
"source-sheets","raw-extracted","src/stitch/extracted/element-01.png","08-source-sheets/raw-extracted/element-01.png","element-01.png","png","156143","16cf9293ce0d80fe07e6e6c403a90c027b4956017107dd5e50545a2ebc324f52"
"source-sheets","raw-extracted","src/stitch/extracted/element-02.png","08-source-sheets/raw-extracted/element-02.png","element-02.png","png","147489","64878bbfa36f4bb2b946e31d3e4bd5c67e8efcb41c8ccc77079057b70b17bcb8"
"source-sheets","raw-extracted","src/stitch/extracted/element-03.png","08-source-sheets/raw-extracted/element-03.png","element-03.png","png","168671","05c80d27ee826d08683df97d6cf64278cbe9a57f892b42dc13da3183b9e3a348"
"source-sheets","raw-extracted","src/stitch/extracted/element-04.png","08-source-sheets/raw-extracted/element-04.png","element-04.png","png","121150","d7e559c06f1ef27340946773c5f26d439830c4642f5f279c2f4fbf221c1e207f"
"source-sheets","raw-extracted","src/stitch/extracted/element-05.png","08-source-sheets/raw-extracted/element-05.png","element-05.png","png","189133","59103d770bb1a293d918abeba6dd8e33265c88d28d8ffc73b5d922a3dd34ffcf"
"source-sheets","raw-extracted","src/stitch/extracted/element-06.png","08-source-sheets/raw-extracted/element-06.png","element-06.png","png","8971","2ff14b388cd9f643d9a5cc40a829aa189c5c80ad2addfca4b5c5c714269c25c6"
"source-sheets","raw-extracted","src/stitch/extracted/element-07.png","08-source-sheets/raw-extracted/element-07.png","element-07.png","png","107790","3f460f1334d9b80d0da8e8b415c73747b1c61e1c0744f698a2101f3395739973"
"source-sheets","raw-extracted","src/stitch/extracted/element-08.png","08-source-sheets/raw-extracted/element-08.png","element-08.png","png","85174","5127c3177d98f891377bf02ebb2977a78b6997f7a49772a452fee9ebc857f804"
"source-sheets","raw-extracted","src/stitch/extracted/element-09.png","08-source-sheets/raw-extracted/element-09.png","element-09.png","png","70504","246ea259a8ed1aad4e1dd680593b00fe81bf996f1720ba289224734232e8b8d9"
"source-sheets","raw-extracted","src/stitch/extracted/element-10.png","08-source-sheets/raw-extracted/element-10.png","element-10.png","png","54373","69006e182789154963d5fc25cbcacd5d4b71e86f0f48af6f5a6d5202936d6f0a"
"source-sheets","raw-extracted","src/stitch/extracted/element-11.png","08-source-sheets/raw-extracted/element-11.png","element-11.png","png","49974","d9ccb817578555ea283b8079cc4c72845a47baffe3b681018626bba01fa55028"
"source-sheets","raw-extracted","src/stitch/extracted/element-12.png","08-source-sheets/raw-extracted/element-12.png","element-12.png","png","15546","c419eb6f07feb3e451550e3e70e61c2b1bf0b0789f8ed36d40765f199357c6ce"
"source-sheets","raw-extracted","src/stitch/extracted/element-13.png","08-source-sheets/raw-extracted/element-13.png","element-13.png","png","46749","bca1adcaf0b9704ec536133a37ca5cd7aa18d9346e0f431577bf4d07b66effba"
"source-sheets","raw-extracted","src/stitch/extracted/element-14.png","08-source-sheets/raw-extracted/element-14.png","element-14.png","png","51539","187131ab969ae05595a8326e15484345bc217b6d546f7e1339f8629483365975"
"source-sheets","stitch-root","src/stitch/ChatGPT Image 2026년 5월 11일 오후 01_47_52 (1).png","08-source-sheets/stitch-root/ChatGPT Image 2026년 5월 11일 오후 01_47_52 (1).png","ChatGPT Image 2026년 5월 11일 오후 01_47_52 (1).png","png","1202060","620e29deb1804e7cfe3f9e001c7f8afc58c8e8c83b3534f27c4b9536d5557275"
"source-sheets","stitch-root","src/stitch/ChatGPT Image 2026년 5월 11일 오후 01_47_53 (2).png","08-source-sheets/stitch-root/ChatGPT Image 2026년 5월 11일 오후 01_47_53 (2).png","ChatGPT Image 2026년 5월 11일 오후 01_47_53 (2).png","png","1120706","9e073e8cb1b16eddbc91a324c84c8dd04b56e969419cef574989eea9100b8218"
"source-sheets","stitch-root","src/stitch/ChatGPT Image 2026년 5월 11일 오후 12_33_03 (1).png","08-source-sheets/stitch-root/ChatGPT Image 2026년 5월 11일 오후 12_33_03 (1).png","ChatGPT Image 2026년 5월 11일 오후 12_33_03 (1).png","png","927424","ad4ef6fda8fc678ca5f47ce177747ba297c01c9326ed164f4c4264e09da023a2"
"source-sheets","stitch-root","src/stitch/ChatGPT Image 2026년 5월 11일 오후 12_33_03 (2).png","08-source-sheets/stitch-root/ChatGPT Image 2026년 5월 11일 오후 12_33_03 (2).png","ChatGPT Image 2026년 5월 11일 오후 12_33_03 (2).png","png","1177872","f6538d6a2feb977b6769a8ad2c5940f4b59206174e0aed8fbbb2747021e0fae7"
"source-sheets","stitch-root","src/stitch/ChatGPT Image 2026년 5월 11일 오후 12_33_04 (3).png","08-source-sheets/stitch-root/ChatGPT Image 2026년 5월 11일 오후 12_33_04 (3).png","ChatGPT Image 2026년 5월 11일 오후 12_33_04 (3).png","png","939920","15d49bfa75f4feb323239b89a15959890fb9a834a8b4e89536426a9f5732cc35"
"source-sheets","stitch-root","src/stitch/ChatGPT Image 2026년 5월 21일 오후 01_04_55 (1).png","08-source-sheets/stitch-root/ChatGPT Image 2026년 5월 21일 오후 01_04_55 (1).png","ChatGPT Image 2026년 5월 21일 오후 01_04_55 (1).png","png","1257730","21306edbaf486ef5879d115c85d1f9ef330524356a0816a14480f6b0eb3019b3"
"source-sheets","stitch-root","src/stitch/ChatGPT Image 2026년 5월 21일 오후 01_04_55 (2).png","08-source-sheets/stitch-root/ChatGPT Image 2026년 5월 21일 오후 01_04_55 (2).png","ChatGPT Image 2026년 5월 21일 오후 01_04_55 (2).png","png","1332885","30c05b5fb10d5439cf451777c2ce997cc9dc08e59d5824362444c3429c26fa8d"
"source-sheets","stitch-root","src/stitch/ChatGPT Image 2026년 5월 21일 오후 01_04_56 (3).png","08-source-sheets/stitch-root/ChatGPT Image 2026년 5월 21일 오후 01_04_56 (3).png","ChatGPT Image 2026년 5월 21일 오후 01_04_56 (3).png","png","1323162","2f0054a9c4eaa9d204909450d62011df521cbd4863861579ef52b777e9876c44"
"source-sheets","stitch-root","src/stitch/ChatGPT Image 2026년 5월 21일 오후 01_04_56 (4).png","08-source-sheets/stitch-root/ChatGPT Image 2026년 5월 21일 오후 01_04_56 (4).png","ChatGPT Image 2026년 5월 21일 오후 01_04_56 (4).png","png","1272906","aedee5c7571a959c3358437e0d9f75a3f41f4680324653e7422a2b09c6195e28"
"source-sheets","stitch-root","src/stitch/ChatGPT Image 2026년 5월 21일 오후 01_04_56 (5).png","08-source-sheets/stitch-root/ChatGPT Image 2026년 5월 21일 오후 01_04_56 (5).png","ChatGPT Image 2026년 5월 21일 오후 01_04_56 (5).png","png","1332427","9cb00987c5c89e8524b6b6fccd992fac793023b5da20f4487473f3304eeb8040"
"source-sheets","stitch-root","src/stitch/ChatGPT Image 2026년 5월 21일 오후 01_05_01 (1).png","08-source-sheets/stitch-root/ChatGPT Image 2026년 5월 21일 오후 01_05_01 (1).png","ChatGPT Image 2026년 5월 21일 오후 01_05_01 (1).png","png","1277902","b5d03c2cc7116cf236ec2fde5a20b2dccf38e3ea081956137d82bd0665e76079"
"source-sheets","stitch-root","src/stitch/ChatGPT Image 2026년 5월 21일 오후 01_05_01 (2).png","08-source-sheets/stitch-root/ChatGPT Image 2026년 5월 21일 오후 01_05_01 (2).png","ChatGPT Image 2026년 5월 21일 오후 01_05_01 (2).png","png","1317585","43c7c02d3169b6440a541438c823077c24efda91f492f9b011ab3268616d5abc"
"source-sheets","stitch-root","src/stitch/ChatGPT Image 2026년 5월 21일 오후 01_05_01 (3).png","08-source-sheets/stitch-root/ChatGPT Image 2026년 5월 21일 오후 01_05_01 (3).png","ChatGPT Image 2026년 5월 21일 오후 01_05_01 (3).png","png","1200851","39d0d9a1c3ccb2f6e45829f5f0ca0f03d7b83ec9fbc85dcc42d668c3ac555995"
"source-sheets","stitch-root","src/stitch/ChatGPT Image 2026년 5월 21일 오후 01_05_02 (4).png","08-source-sheets/stitch-root/ChatGPT Image 2026년 5월 21일 오후 01_05_02 (4).png","ChatGPT Image 2026년 5월 21일 오후 01_05_02 (4).png","png","1314037","813e4f97d9c72e28b36fe211dffa9093119a100a153cf6748febfc2b3b50857a"
"source-sheets","stitch-root","src/stitch/ChatGPT Image 2026년 5월 21일 오후 01_05_02 (5).png","08-source-sheets/stitch-root/ChatGPT Image 2026년 5월 21일 오후 01_05_02 (5).png","ChatGPT Image 2026년 5월 21일 오후 01_05_02 (5).png","png","1410267","ee715bcd249b0a7cd8634d1649a78ffc6d8e495d7ba92af677cd2b48e2056dec"
"source-sheets","stitch-root","src/stitch/ChatGPT Image 2026년 5월 21일 오후 01_05_02 (6).png","08-source-sheets/stitch-root/ChatGPT Image 2026년 5월 21일 오후 01_05_02 (6).png","ChatGPT Image 2026년 5월 21일 오후 01_05_02 (6).png","png","1151201","184710b82bd864c0088c50cb3fe7c307b91c69dcec8402679d628bdeeb812fc3"
"source-sheets","stitch-root","src/stitch/ChatGPT Image 2026년 5월 21일 오후 01_05_02 (7).png","08-source-sheets/stitch-root/ChatGPT Image 2026년 5월 21일 오후 01_05_02 (7).png","ChatGPT Image 2026년 5월 21일 오후 01_05_02 (7).png","png","1228149","750979b17be2e815c5277cb9a0cefd5cfbb2d9c595c13aa806b4f96c666f2f81"
"source-sheets","stitch-root","src/stitch/ChatGPT Image 2026년 5월 21일 오후 01_05_02 (8).png","08-source-sheets/stitch-root/ChatGPT Image 2026년 5월 21일 오후 01_05_02 (8).png","ChatGPT Image 2026년 5월 21일 오후 01_05_02 (8).png","png","1314100","8752d7582b81e0dba6e023839e73a62639f6ba48c125c8a4b73f46cd7d8b1e5b"
"source-sheets","stitch-root","src/stitch/ChatGPT Image 2026년 5월 9일 오전 01_54_50 (1).png","08-source-sheets/stitch-root/ChatGPT Image 2026년 5월 9일 오전 01_54_50 (1).png","ChatGPT Image 2026년 5월 9일 오전 01_54_50 (1).png","png","1410469","79da5fd27be5bb5c84986d8dee0cfd5923ca225f5c0c3c25e66c0df05ef60783"
"source-sheets","stitch-root","src/stitch/ChatGPT Image 2026년 5월 9일 오전 01_54_50 (2).png","08-source-sheets/stitch-root/ChatGPT Image 2026년 5월 9일 오전 01_54_50 (2).png","ChatGPT Image 2026년 5월 9일 오전 01_54_50 (2).png","png","1408505","8f467a5f51d3fa9baf686ea0551b1ebef768f9cdba2e15e43778633b3ca34ed2"
"source-sheets","stitch-root","src/stitch/ChatGPT Image 2026년 5월 9일 오전 01_54_51 (3).png","08-source-sheets/stitch-root/ChatGPT Image 2026년 5월 9일 오전 01_54_51 (3).png","ChatGPT Image 2026년 5월 9일 오전 01_54_51 (3).png","png","1523079","8d660f1a0699f7e3ab58beadd0d0384a373b23ecf5be5d28923cf141001c075a"
"source-sheets","stitch-root","src/stitch/ChatGPT Image 2026년 5월 9일 오전 01_54_51 (4).png","08-source-sheets/stitch-root/ChatGPT Image 2026년 5월 9일 오전 01_54_51 (4).png","ChatGPT Image 2026년 5월 9일 오전 01_54_51 (4).png","png","1238871","a7d31b7610502c59eb0e691e2cc96986dcbad0cd5c6759efb51a6a7a89668d8c"
"source-sheets","stitch-root","src/stitch/ChatGPT Image 2026년 5월 9일 오전 01_54_51 (5).png","08-source-sheets/stitch-root/ChatGPT Image 2026년 5월 9일 오전 01_54_51 (5).png","ChatGPT Image 2026년 5월 9일 오전 01_54_51 (5).png","png","1278673","23ae669c24c1cd7aacd6866d9d092b7467a67a58168c0b605063f3d92f65ef8c"
"source-sheets","stitch-root","src/stitch/ChatGPT Image 2026년 5월 9일 오전 01_54_52 (6).png","08-source-sheets/stitch-root/ChatGPT Image 2026년 5월 9일 오전 01_54_52 (6).png","ChatGPT Image 2026년 5월 9일 오전 01_54_52 (6).png","png","1162369","55de7b4fcce1dd9ef2ee75135452a8495754ef590e6ed26590bf5cfbe36ecfb9"
"source-sheets","stitch-root","src/stitch/ChatGPT Image 2026년 5월 9일 오전 01_54_52 (7).png","08-source-sheets/stitch-root/ChatGPT Image 2026년 5월 9일 오전 01_54_52 (7).png","ChatGPT Image 2026년 5월 9일 오전 01_54_52 (7).png","png","1167035","eb38eb572f5d81d7616b3be6eebae1939aa67ebc58892b49b719f5dd8756bb9d"
"source-sheets","stitch-root","src/stitch/ChatGPT Image 2026년 5월 9일 오전 01_54_53 (10).png","08-source-sheets/stitch-root/ChatGPT Image 2026년 5월 9일 오전 01_54_53 (10).png","ChatGPT Image 2026년 5월 9일 오전 01_54_53 (10).png","png","1469938","aa272034dfa88edcd3debb1d387b76398647ff9a9dcf72e40e662de2027b1f73"
"source-sheets","stitch-root","src/stitch/ChatGPT Image 2026년 5월 9일 오전 01_54_53 (8).png","08-source-sheets/stitch-root/ChatGPT Image 2026년 5월 9일 오전 01_54_53 (8).png","ChatGPT Image 2026년 5월 9일 오전 01_54_53 (8).png","png","1406536","450d9a71b542959fbfea1935437898b8313fecbffe94c77f018c04167c6dfc65"
"source-sheets","stitch-root","src/stitch/ChatGPT Image 2026년 5월 9일 오전 01_54_53 (9).png","08-source-sheets/stitch-root/ChatGPT Image 2026년 5월 9일 오전 01_54_53 (9).png","ChatGPT Image 2026년 5월 9일 오전 01_54_53 (9).png","png","1079921","6b719f1a451d74c3f11b9ca165ae148f436a141c7964b4edb751215c1b4847c8"
"source-sheets","stitch-root","src/stitch/ChatGPT Image 2026년 5월 9일 오전 12_59_52 (1).png","08-source-sheets/stitch-root/ChatGPT Image 2026년 5월 9일 오전 12_59_52 (1).png","ChatGPT Image 2026년 5월 9일 오전 12_59_52 (1).png","png","1250765","e0cdc480c41e92a50d7836b4ec8d3c6903d0ae851ba85c9f097dbf04ded16c97"
"source-sheets","stitch-root","src/stitch/ChatGPT Image 2026년 5월 9일 오전 12_59_52 (10).png","08-source-sheets/stitch-root/ChatGPT Image 2026년 5월 9일 오전 12_59_52 (10).png","ChatGPT Image 2026년 5월 9일 오전 12_59_52 (10).png","png","1284161","49fa21297093563cb4249cfa140cb6f3acf8739e8f88d652efe621b7e5f56f9f"
"source-sheets","stitch-root","src/stitch/ChatGPT Image 2026년 5월 9일 오전 12_59_52 (2).png","08-source-sheets/stitch-root/ChatGPT Image 2026년 5월 9일 오전 12_59_52 (2).png","ChatGPT Image 2026년 5월 9일 오전 12_59_52 (2).png","png","969411","7fdb3d0bcb5e310b2d70fe708e12c678d68c6b2bccfb20cbf52cf2df2a73b404"
"source-sheets","stitch-root","src/stitch/ChatGPT Image 2026년 5월 9일 오전 12_59_52 (3).png","08-source-sheets/stitch-root/ChatGPT Image 2026년 5월 9일 오전 12_59_52 (3).png","ChatGPT Image 2026년 5월 9일 오전 12_59_52 (3).png","png","1096133","c6d28d4e00eea6d75cd221766ed416262f28aa62a2160d423c8f816ca91e1ac7"
"source-sheets","stitch-root","src/stitch/ChatGPT Image 2026년 5월 9일 오전 12_59_52 (4).png","08-source-sheets/stitch-root/ChatGPT Image 2026년 5월 9일 오전 12_59_52 (4).png","ChatGPT Image 2026년 5월 9일 오전 12_59_52 (4).png","png","934977","1b32319ba98351740311e3455049ab24afabe2b7befa4a2c753e871c9683001d"
"source-sheets","stitch-root","src/stitch/ChatGPT Image 2026년 5월 9일 오전 12_59_52 (5).png","08-source-sheets/stitch-root/ChatGPT Image 2026년 5월 9일 오전 12_59_52 (5).png","ChatGPT Image 2026년 5월 9일 오전 12_59_52 (5).png","png","883597","837603bff7074fc6aedd08266009e653ac02869911e48efd011c909b1b227ff5"
"source-sheets","stitch-root","src/stitch/ChatGPT Image 2026년 5월 9일 오전 12_59_52 (6).png","08-source-sheets/stitch-root/ChatGPT Image 2026년 5월 9일 오전 12_59_52 (6).png","ChatGPT Image 2026년 5월 9일 오전 12_59_52 (6).png","png","1055240","ecf9c27b308c8049df264bc8fad6bb010609946b8fabfc1ddadd4f597a76981f"
"source-sheets","stitch-root","src/stitch/ChatGPT Image 2026년 5월 9일 오전 12_59_52 (7).png","08-source-sheets/stitch-root/ChatGPT Image 2026년 5월 9일 오전 12_59_52 (7).png","ChatGPT Image 2026년 5월 9일 오전 12_59_52 (7).png","png","1091130","009b7b3329d8eed9ee160fa731aaf27e7283b9cc307f0c9c5f3f8b8481783cec"
"source-sheets","stitch-root","src/stitch/ChatGPT Image 2026년 5월 9일 오전 12_59_52 (8).png","08-source-sheets/stitch-root/ChatGPT Image 2026년 5월 9일 오전 12_59_52 (8).png","ChatGPT Image 2026년 5월 9일 오전 12_59_52 (8).png","png","955220","0c53966f08e15e8745d29455a06e2fdcdd50d25009ff311e4e1307ab4f30daa4"
"source-sheets","stitch-root","src/stitch/ChatGPT Image 2026년 5월 9일 오전 12_59_52 (9).png","08-source-sheets/stitch-root/ChatGPT Image 2026년 5월 9일 오전 12_59_52 (9).png","ChatGPT Image 2026년 5월 9일 오전 12_59_52 (9).png","png","1516512","bfefb24937444094ef2b579d44b55de3ceb13085a793d9811f1b8f0802b26464"
"source-sheets","stitch-root","src/stitch/ChatGPT Image 2026년 5월 9일 오후 07_30_50 (1).png","08-source-sheets/stitch-root/ChatGPT Image 2026년 5월 9일 오후 07_30_50 (1).png","ChatGPT Image 2026년 5월 9일 오후 07_30_50 (1).png","png","1353975","b839574d4c71c1fb597d316a3dc46512279fdcc8e71fb95bcba91c8ca1f83437"
"source-sheets","stitch-root","src/stitch/ChatGPT Image 2026년 5월 9일 오후 07_30_50 (2).png","08-source-sheets/stitch-root/ChatGPT Image 2026년 5월 9일 오후 07_30_50 (2).png","ChatGPT Image 2026년 5월 9일 오후 07_30_50 (2).png","png","1360707","6862bd32b65c69225b39180834e37e258ac2e414bfad8e11fe193005ea8c4ee0"
"source-sheets","stitch-root","src/stitch/ChatGPT Image 2026년 5월 9일 오후 07_30_50 (3).png","08-source-sheets/stitch-root/ChatGPT Image 2026년 5월 9일 오후 07_30_50 (3).png","ChatGPT Image 2026년 5월 9일 오후 07_30_50 (3).png","png","1428633","bb343e898deec7262eaa2f887e25d0c23e914c2ba597ac56eefa61b8bf6fd825"
"source-sheets","stitch-root","src/stitch/ChatGPT Image 2026년 5월 9일 오후 07_30_50 (4).png","08-source-sheets/stitch-root/ChatGPT Image 2026년 5월 9일 오후 07_30_50 (4).png","ChatGPT Image 2026년 5월 9일 오후 07_30_50 (4).png","png","1330549","6f568ac6522ea9315e131262bbfc757223a40438a016a7af1ed4f4c0380a7743"
"source-sheets","stitch-root","src/stitch/ChatGPT Image 2026년 5월 9일 오후 07_30_50 (5).png","08-source-sheets/stitch-root/ChatGPT Image 2026년 5월 9일 오후 07_30_50 (5).png","ChatGPT Image 2026년 5월 9일 오후 07_30_50 (5).png","png","1574788","32f9737222af4ede5378f50015350965c600c72c2ccf8242d99c55393a5065ed"
"source-sheets","stitch-root","src/stitch/ChatGPT Image 2026년 5월 9일 오후 07_31_06 (1).png","08-source-sheets/stitch-root/ChatGPT Image 2026년 5월 9일 오후 07_31_06 (1).png","ChatGPT Image 2026년 5월 9일 오후 07_31_06 (1).png","png","1261303","bc2ed7a11a9a0e4f3b9c6f25fa7460b27ce126f3bba7119030b284250e60985d"
"source-sheets","stitch-root","src/stitch/ChatGPT Image 2026년 5월 9일 오후 07_31_06 (2).png","08-source-sheets/stitch-root/ChatGPT Image 2026년 5월 9일 오후 07_31_06 (2).png","ChatGPT Image 2026년 5월 9일 오후 07_31_06 (2).png","png","1183913","054603bc511ebae44d0b163e4a2f88b83224137747d78f3fc09ee3c16844c5c0"
"source-sheets","stitch-root","src/stitch/ChatGPT Image 2026년 5월 9일 오후 07_31_06 (3).png","08-source-sheets/stitch-root/ChatGPT Image 2026년 5월 9일 오후 07_31_06 (3).png","ChatGPT Image 2026년 5월 9일 오후 07_31_06 (3).png","png","1166487","5592ba2bbe6a50bc132846db718dcf099de6616f7a9fa17d70f8d7a683d26238"
"source-sheets","stitch-root","src/stitch/ChatGPT Image 2026년 5월 9일 오후 07_31_06 (4).png","08-source-sheets/stitch-root/ChatGPT Image 2026년 5월 9일 오후 07_31_06 (4).png","ChatGPT Image 2026년 5월 9일 오후 07_31_06 (4).png","png","1062825","7f4524b603ebed74e7bd60c78217765fc13d96e798d0324a57a99262fe62f063"
"source-sheets","stitch-root","src/stitch/ChatGPT Image 2026년 5월 9일 오후 07_31_06 (5).png","08-source-sheets/stitch-root/ChatGPT Image 2026년 5월 9일 오후 07_31_06 (5).png","ChatGPT Image 2026년 5월 9일 오후 07_31_06 (5).png","png","1163006","9f6efea2e9efa0878bd9ada186ec9446555c6c246730997ea27bff793a28f982"
"store-listing","play-console-assets","docs/release/assets/feature-graphic-1024x500.png","11-store-listing/feature-graphic-1024x500.png","feature-graphic-1024x500.png","png","98207","9bbd227dd9ad8967f657394cae5d70c83f6fed2ea89a85bc0253eb70a3c26f87"
"store-listing","play-console-assets","docs/release/assets/screenshot-app-A17.png","11-store-listing/screenshot-app-A17.png","screenshot-app-A17.png","png","1077829","6c40ae18fae07250e0747880bd7c3af858823c69468b44e76c44664a42ac8414"
"store-listing","play-console-assets","docs/release/assets/screenshot-app-razr.png","11-store-listing/screenshot-app-razr.png","screenshot-app-razr.png","png","335228","b8512639bba000276cb599c33023e1358f7bf60989552b632b740f073169af63"
"store-listing","play-console-assets","docs/release/assets/store-icon-512.png","11-store-listing/store-icon-512.png","store-icon-512.png","png","176151","eb1206cb871e2071f7956d543aaaf50c8fb074d2686522415d9594631824f134"
